rank,model,feature_name,importance
1,2012,requestedpermissionlist_android.permission.read_phone_state,0.079194
2,2012,usedpermissionslist_android.permission.read_phone_state,0.064274
3,2012,suspiciousapilist_landroid/telephony/telephonymanager.getdeviceid,0.049552
4,2012,intentfilterlist_android.intent.action.boot_completed,0.042737
5,2012,suspiciousapilist_landroid/telephony/telephonymanager.getsubscriberid,0.042417
6,2012,requestedpermissionlist_android.permission.send_sms,0.041115
7,2012,usedpermissionslist_android.permission.send_sms,0.028856
8,2012,requestedpermissionlist_android.permission.receive_sms,0.028734
9,2012,urldomainlist_10.0.0.172,0.026349
10,2012,suspiciousapilist_landroid/telephony/smsmanager.sendtextmessage,0.025959
11,2012,requestedpermissionlist_android.permission.receive_boot_completed,0.024166
12,2012,requestedpermissionlist_com.android.launcher.permission.install_shortcut,0.023810
13,2012,usedpermissionslist_android.permission.access_wifi_state,0.018634
14,2012,restrictedapilist_android.app.notificationmanager.notify,0.016219
15,2012,activitylist_com.adwo.adsdk.adwoadbrowseractivity,0.015540
16,2012,requestedpermissionlist_android.permission.access_wifi_state,0.015284
17,2012,requestedpermissionlist_android.permission.read_sms,0.012293
18,2012,intentfilterlist_android.intent.action.data_sms_received,0.012211
19,2012,requestedpermissionlist_android.permission.write_external_storage,0.011579
20,2012,requestedpermissionlist_android.permission.access_coarse_location,0.010605
21,2012,suspiciousapilist_lorg/apache/http/client/methods/httppost,0.010124
22,2012,suspiciousapilist_ljava/io/ioexception;->printstacktrace,0.008410
23,2012,servicelist_com.airpush.android.pushservice,0.008396
24,2012,broadcastreceiverlist_com.airpush.android.userdetailsreceiver,0.008320
25,2012,broadcastreceiverlist_com.airpush.android.messagereceiver,0.008151
26,2012,activitylist_com.airpush.android.pushads,0.007861
27,2012,activitylist_.readtext,0.007651
28,2012,activitylist_.mmreader,0.007540
29,2012,activitylist_.chartact,0.007460
30,2012,activitylist_.musicview,0.007432
31,2012,broadcastreceiverlist_com.airpush.android.deliveryreceiver,0.007273
32,2012,requestedpermissionlist_android.permission.install_packages,0.007155
33,2012,activitylist_.fileview,0.006713
34,2012,activitylist_.mmabout,0.006611
35,2012,urldomainlist_110.75.2.108,0.006365
36,2012,suspiciousapilist_landroid/content/context.getsystemservice,0.006358
37,2012,activitylist_net.youmi.android.adactivity,0.006269
38,2012,requestedpermissionlist_android.permission.internet,0.006180
39,2012,broadcastreceiverlist_.checker,0.005989
40,2012,activitylist_cn.domob.android.ads.domobactivity,0.005961
41,2012,requestedpermissionlist_android.permission.change_wifi_state,0.005819
42,2012,restrictedapilist_android.widget.videoview.setvideopath,0.005754
43,2012,restrictedapilist_android.net.wifi.wifimanager.getconnectioninfo,0.005654
44,2012,usedpermissionslist_android.permission.vibrate,0.005616
45,2012,broadcastreceiverlist_.smsreceiver,0.005215
46,2012,broadcastreceiverlist_.notificator,0.005112
47,2012,activitylist_.showlink,0.004960
48,2012,intentfilterlist_android.intent.action.phone_state,0.004759
49,2012,activitylist_.finishactivity,0.004692
50,2012,suspiciousapilist_landroid/net/wifi/wifimanager.getwifistate,0.004659
51,2012,activitylist_.rulesactivity,0.004487
52,2012,activitylist_memberactivity,0.004433
53,2012,usedpermissionslist_android.permission.change_wifi_state,0.004152
54,2012,requestedpermissionlist_com.android.browser.permission.write_history_bookmarks,0.004088
55,2012,activitylist_questionactivity,0.004056
56,2012,activitylist_com.google.ads.adactivity,0.003987
57,2012,activitylist_.firstactivity,0.003922
58,2012,usedpermissionslist_android.permission.access_fine_location,0.003815
59,2012,activitylist_.offertactivity,0.003759
60,2012,urldomainlist_120.196.211.8,0.003680
61,2012,requestedpermissionlist_com.android.browser.permission.read_history_bookmarks,0.003657
62,2012,suspiciousapilist_ljava/lang/runtime;->exec,0.003517
63,2012,activitylist_com.tencent.mobwin.mobinwinbrowseractivity,0.003451
64,2012,restrictedapilist_android.widget.videoview.stopplayback,0.003428
65,2012,requestedpermissionlist_com.software.application.permission.c2d_message,0.003185
66,2012,intentfilterlist_com.google.android.c2dm.intent.registration,0.003160
67,2012,suspiciousapilist_landroid/telephony/telephonymanager.getsimcountryiso,0.003155
68,2012,servicelist_.c2dmreceiver,0.003053
69,2012,requestedpermissionlist_android.permission.access_fine_location,0.003028
70,2012,restrictedapilist_android.os.vibrator.vibrate,0.002883
71,2012,requestedpermissionlist_com.google.android.c2dm.permission.receive,0.002853
72,2012,intentfilterlist_com.google.android.c2dm.intent.receive,0.002759
73,2012,restrictedapilist_android.widget.videoview.start,0.002676
74,2012,broadcastreceiverlist_com.google.android.c2dm.c2dmbroadcastreceiver,0.002672
75,2012,servicelist_.services.smssenderservice,0.002659
76,2012,intentfilterlist_com.software.checker,0.002599
77,2012,broadcastreceiverlist_.sms.binarysmsreceiver,0.002341
78,2012,restrictedapilist_android.widget.videoview.pause,0.002307
79,2012,suspiciousapilist_system/bin/su,0.002279
80,2012,activitylist_.main,0.002144
81,2012,usedpermissionslist_android.permission.access_network_state,0.002118
82,2012,restrictedapilist_android.telephony.telephonymanager.getcelllocation,0.002074
83,2012,suspiciousapilist_landroid/content/pm/packagemanager.getpackageinfo,0.002035
84,2012,usedpermissionslist_android.permission.internet,0.001985
85,2012,activitylist_com.baidu.appactivity,0.001940
86,2012,suspiciousapilist_landroid/app/activity.getsystemservice,0.001904
87,2012,requestedpermissionlist_android.permission.vibrate,0.001830
88,2012,usedpermissionslist_android.permission.get_tasks,0.001724
89,2012,restrictedapilist_android.provider.browser.getallvisitedurls,0.001706
90,2012,usedpermissionslist_com.android.browser.permission.read_history_bookmarks,0.001671
91,2012,requestedpermissionlist_android.permission.access_network_state,0.001625
92,2012,intentfilterlist_com.android.vending.billing.in_app_notify,0.001571
93,2012,requestedpermissionlist_android.permission.read_external_storage,0.001529
94,2012,intentfilterlist_com.android.vending.billing.purchase_state_changed,0.001522
95,2012,requestedpermissionlist_android.permission.wake_lock,0.001518
96,2012,activitylist_com.vpon.adon.android.webinapp,0.001513
97,2012,restrictedapilist_android.net.wifi.wifimanager$wifilock.acquire,0.001469
98,2012,intentfilterlist_com.android.vending.billing.response_code,0.001465
99,2012,requestedpermissionlist_android.permission.system_alert_window,0.001393
100,2012,restrictedapilist_android.net.wifi.wifimanager$wifilock.release,0.001384
101,2012,requestedpermissionlist_android.permission.get_tasks,0.001379
102,2012,requestedpermissionlist_android.permission.restart_packages,0.001338
103,2012,restrictedapilist_android.telephony.telephonymanager.getdeviceid,0.001327
104,2012,intentfilterlist_android.intent.action.package_added,0.001298
105,2012,requestedpermissionlist_android.permission.camera,0.001267
106,2012,intentfilterlist_android.intent.action.sig_str,0.001261
107,2012,requestedpermissionlist_com.android.vending.billing,0.001251
108,2012,broadcastreceiverlist_com.uniplugin.sender.areceiver,0.001240
109,2012,restrictedapilist_android.media.mediaplayer.pause,0.001234
110,2012,intentfilterlist_android.provider.telephony.sms_received,0.001188
111,2012,activitylist_com.waps.offerswebview,0.001158
112,2012,restrictedapilist_android.media.mediaplayer.reset,0.001151
113,2012,restrictedapilist_android.media.mediaplayer.release,0.001144
114,2012,usedpermissionslist_android.permission.wake_lock,0.001109
115,2012,restrictedapilist_android.media.mediaplayer.start,0.001096
116,2012,intentfilterlist_android.intent.action.view,0.001078
117,2012,urldomainlist_122.225.32.34,0.001018
118,2012,intentfilterlist_android.intent.action.send,0.000970
119,2012,usedpermissionslist_android.permission.write_external_storage,0.000933
120,2012,activitylist_com.adwo.adsdk.adwosplashadactivity,0.000918
121,2012,restrictedapilist_android.media.mediaplayer.stop,0.000885
122,2012,intentfilterlist_android.intent.action.battery_changed_action,0.000860
123,2012,requestedpermissionlist_com.android.launcher.permission.uninstall_shortcut,0.000858
124,2012,restrictedapilist_android.os.powermanager$wakelock.release,0.000855
125,2012,activitylist_com.imocha.browseractivity,0.000827
126,2012,requestedpermissionlist_android.permission.read_logs,0.000818
127,2012,requestedpermissionlist_android.permission.write,0.000765
128,2012,intentfilterlist_android.intent.action.search,0.000742
129,2012,urldomainlist_162.105.131.113,0.000722
130,2012,servicelist_com.kuguo.ad.mainservice,0.000717
131,2012,suspiciousapilist_landroid/telephony/gsm/smsmanager.sendtextmessage,0.000691
132,2012,restrictedapilist_android.media.ringtonemanager.getringtone,0.000683
133,2012,requestedpermissionlist_android.permission.access_location_extra_commands,0.000683
134,2012,requestedpermissionlist_com.android.alarm.permission.set_alarm,0.000680
135,2012,activitylist_com.kuguo.ad.mainactivity,0.000669
136,2012,requestedpermissionlist_android.permission.write_sms,0.000641
137,2012,hardwarecomponentslist_android.hardware.camera,0.000608
138,2012,restrictedapilist_android.os.powermanager$wakelock.acquire,0.000603
139,2012,broadcastreceiverlist_com.kuguo.ad.mainreceiver,0.000590
140,2012,requestedpermissionlist_android.permission.write_secure_settings,0.000588
141,2012,broadcastreceiverlist_ad.notify.repeatingalarmservice,0.000572
142,2012,activitylist_ad.notify.operaupdateractivity,0.000567
143,2012,restrictedapilist_android.media.ringtone.play,0.000540
144,2012,hardwarecomponentslist_android.hardware.telephony,0.000530
145,2012,intentfilterlist_android.appwidget.action.appwidget_update,0.000519
146,2012,requestedpermissionlist_com.android.launcher.permission.read_settings,0.000513
147,2012,intentfilterlist_android.net.conn.connectivity_change,0.000498
148,2012,urldomainlist_91.213.175.176,0.000497
149,2012,requestedpermissionlist_android.permission.write_settings,0.000496
150,2012,requestedpermissionlist_android.permission.read_contacts,0.000492
151,2012,broadcastreceiverlist_ad.notify.autorunbroadcastreceiver,0.000485
152,2012,intentfilterlist_com.android.vending.install_referrer,0.000477
153,2012,activitylist_ad.notify.notificationactivity,0.000477
154,2012,servicelist_com.apperhand.device.android.androidsdkprovider,0.000464
155,2012,intentfilterlist_android.intent.action.user_present,0.000456
156,2012,servicelist_ad.notify.notificationservice,0.000449
157,2012,requestedpermissionlist_android.permission.delete_packages,0.000442
158,2012,requestedpermissionlist_com.motorola.dlauncher.permission.read_settings,0.000434
159,2012,requestedpermissionlist_com.motorola.launcher.permission.read_settings,0.000420
160,2012,intentfilterlist_com.convertoman.proin.fservices,0.000419
161,2012,activitylist_com.mt.airad.multiad,0.000415
162,2012,requestedpermissionlist_android.permission.change_network_state,0.000399
163,2012,restrictedapilist_android.location.locationmanager.getlastknownlocation,0.000398
164,2012,requestedpermissionlist_android.permission.call_phone,0.000392
165,2012,servicelist_com.convertoman.proin.fservices,0.000381
166,2012,requestedpermissionlist_com.lge.launcher.permission.install_shortcut,0.000377
167,2012,servicelist_.fservices,0.000375
168,2012,requestedpermissionlist_com.lge.launcher.permission.read_settings,0.000373
169,2012,broadcastreceiverlist_.bootreceiver,0.000372
170,2012,broadcastreceiverlist_com.google.update.receiver,0.000370
171,2012,requestedpermissionlist_com.htc.launcher.permission.read_settings,0.000362
172,2012,requestedpermissionlist_com.motorola.dlauncher.permission.install_shortcut,0.000352
173,2012,restrictedapilist_android.net.wifi.wifimanager.iswifienabled,0.000344
174,2012,usedpermissionslist_android.permission.get_accounts,0.000341
175,2012,requestedpermissionlist_android.permission.get_accounts,0.000329
176,2012,requestedpermissionlist_android.permission.write_contacts,0.000327
177,2012,hardwarecomponentslist_android.hardware.location.network,0.000326
178,2012,activitylist_.proinactivity,0.000326
179,2012,activitylist_com.google.update.dialog,0.000301
180,2012,requestedpermissionlist_org.adw.launcher.permission.read_settings,0.000300
181,2012,requestedpermissionlist_android.permission.change_configuration,0.000297
182,2012,activitylist_com.millennialmedia.android.mmadviewoverlayactivity,0.000289
183,2012,hardwarecomponentslist_android.hardware.touchscreen,0.000289
184,2012,restrictedapilist_android.telephony.telephonymanager.getsubscriberid,0.000286
185,2012,requestedpermissionlist_android.permission.read_settings,0.000284
186,2012,hardwarecomponentslist_android.hardware.location.gps,0.000283
187,2012,requestedpermissionlist_android.permission.access_coarse_updates,0.000279
188,2012,requestedpermissionlist_com.fede.launcher.permission.read_settings,0.000276
189,2012,suspiciousapilist_landroid/net/wifi/wifimanager.setwifienabled,0.000272
190,2012,restrictedapilist_android.location.locationmanager.getprovider,0.000271
191,2012,restrictedapilist_android.widget.videoview.setvideouri,0.000268
192,2012,restrictedapilist_android.location.locationmanager.requestlocationupdates,0.000268
193,2012,requestedpermissionlist_com.motorola.launcher.permission.install_shortcut,0.000268
194,2012,servicelist_com.google.update.updateservice,0.000258
195,2012,restrictedapilist_android.provider.contactscontract$rawcontacts.getcontactlookupuri,0.000253
196,2012,activitylist_com.millennialmedia.android.videoplayer,0.000249
197,2012,hardwarecomponentslist_android.hardware.camera.autofocus,0.000244
198,2012,broadcastreceiverlist_com.leadbolt.adnotification,0.000242
199,2012,restrictedapilist_android.accounts.accountmanager.getaccountsbytype,0.000235
200,2012,requestedpermissionlist_android.permission.update_device_stats,0.000232
201,2012,restrictedapilist_android.provider.contactscontract$contacts.getlookupuri,0.000232
202,2012,usedpermissionslist_android.permission.write_settings,0.000227
203,2012,broadcastreceiverlist_.airplanemodestatehandler,0.000219
204,2012,activitylist_.vertikalno,0.000210
205,2012,intentfilterlist_android.service.wallpaper.wallpaperservice,0.000208
206,2012,restrictedapilist_android.accounts.accountmanager.getaccounts,0.000200
207,2012,suspiciousapilist_landroid/content/contextwrapper.getsystemservice,0.000197
208,2012,restrictedapilist_android.net.wifi.wifimanager.setwifienabled,0.000196
209,2012,hardwarecomponentslist_android.hardware.location,0.000193
210,2012,activitylist_com.mobclix.android.sdk.mobclixbrowseractivity,0.000192
211,2012,urldomainlist_192.168.25.174,0.000184
212,2012,activitylist_.off,0.000179
213,2012,activitylist_com.wooboo.adlib_android.adactivity,0.000177
214,2012,urldomainlist_75.101.249.15,0.000170
215,2012,intentfilterlist_jp.bravo.honda.fservices,0.000170
216,2012,intentfilterlist_android.net.wifi.wifi_state_changed,0.000167
217,2012,urldomainlist_192.168.21.132,0.000167
218,2012,restrictedapilist_android.provider.contacts$people.createpersoninmycontactsgroup,0.000166
219,2012,activitylist_org.appcelerator.titanium.timodalactivity,0.000161
220,2012,broadcastreceiverlist_com.pad.android.xappad.adnotification,0.000160
221,2012,intentfilterlist_android.intent.action.action_shutdown,0.000159
222,2012,activitylist_ti.modules.titanium.ui.android.tipreferencesactivity,0.000155
223,2012,activitylist_com.paypal.android.mep.paypalactivity,0.000151
224,2012,broadcastreceiverlist_com.pad.android.xappad.adremindernotification,0.000150
225,2012,restrictedapilist_android.location.locationmanager.getproviders,0.000147
226,2012,restrictedapilist_android.media.mediarecorder.setaudiosource,0.000146
227,2012,activitylist_jp.bravo.honda.dobrakorzina,0.000145
228,2012,broadcastreceiverlist_com.urbanairship.corereceiver,0.000143
229,2012,servicelist_com.urbanairship.push.pushservice,0.000138
230,2012,activitylist_www.conduit.app.conduitmainact,0.000135
231,2012,restrictedapilist_android.net.connectivitymanager.getactivenetworkinfo,0.000134
232,2012,suspiciousapilist_landroid/support/v4/app/fragmentactivity.getsystemservice,0.000130
233,2012,restrictedapilist_android.telephony.telephonymanager.getline1number,0.000124
234,2012,activitylist_www.conduit.app.pgplugins.exbrowse.modalexternalbrowser,0.000124
235,2012,requestedpermissionlist_android.permission.write_apn_settings,0.000123
236,2012,servicelist_jp.bravo.honda.fservices,0.000123
237,2012,activitylist_org.appcelerator.titanium.tiactivity,0.000122
238,2012,restrictedapilist_android.os.vibrator.cancel,0.000122
239,2012,intentfilterlist_android.intent.action.media_removed,0.000122
240,2012,intentfilterlist_com.android.action_pushadsactivity,0.000121
241,2012,activitylist_com.kuguo.openads.adsofferlistactivity,0.000120
242,2012,intentfilterlist_android.intent.action.package_replaced,0.000119
243,2012,activitylist_www.conduit.app.pgplugins.exbrowse.fullscrexternalbrowser,0.000116
244,2012,activitylist_com.kuguo.ad.boutiqueactivity,0.000112
245,2012,intentfilterlist_com.software.app.checker,0.000111
246,2012,broadcastreceiverlist_com.kuguo.pushads.adsreceiver,0.000110
247,2012,requestedpermissionlist_android.permission.manage_accounts,0.000108
248,2012,activitylist_com.biznessapps.activities.galleryactivity,0.000107
249,2012,requestedpermissionlist_android.permission.record_audio,0.000106
250,2012,restrictedapilist_android.location.locationmanager.isproviderenabled,0.000106
251,2012,intentfilterlist_android.intent.action.media_eject,0.000105
252,2012,activitylist_com.lmmob.ad.sdk.lmmobadwebview,0.000104
253,2012,activitylist_ti.modules.titanium.ui.titabactivity,0.000103
254,2012,activitylist_com.biznessapps.layout.maincontroller,0.000102
255,2012,activitylist_.mainsettings,0.000101
256,2012,usedpermissionslist_android.permission.record_audio,0.000100
257,2012,servicelist_.main,0.000100
258,2012,restrictedapilist_android.provider.browser.getallbookmarks,0.000100
259,2012,intentfilterlist_android.intent.action.main,0.000099
260,2012,intentfilterlist_android.intent.action.media_bad_removal,0.000098
261,2012,activitylist_com.apperhand.device.android.eulaactivity,0.000098
262,2012,servicelist_org.appcelerator.titanium.analytics.tianalyticsservice,0.000096
263,2012,activitylist_com.biznessapps.activities.aroundusactivity,0.000096
264,2012,activitylist_com.wooboo.adlib_android.fullactivity,0.000095
265,2012,servicelist_com.kuguo.pushads.adsservice,0.000095
266,2012,intentfilterlist_android.intent.action.airplane_mode,0.000095
267,2012,restrictedapilist_android.location.locationmanager.getbestprovider,0.000094
268,2012,suspiciousapilist_landroid/app/application.getsystemservice,0.000093
269,2012,activitylist_.mainactivity,0.000092
270,2012,intentfilterlist_android.intent.action.media_button,0.000092
271,2012,requestedpermissionlist_android.permission.modify_audio_settings,0.000092
272,2012,intentfilterlist_android.appwidget.action.appwidget_configure,0.000091
273,2012,broadcastreceiverlist_alarmreceiver,0.000089
274,2012,suspiciousapilist_landroid/telephony/smsmessage;->getmessagebody,0.000089
275,2012,servicelist_com.admogo.updateservice,0.000085
276,2012,activitylist_net.youmi.android.spotad.adactivity,0.000085
277,2012,urldomainlist_127.0.0.1,0.000084
278,2012,requestedpermissionlist_android.permission.use_credentials,0.000083
279,2012,activitylist_com.kuguo.pushads.pushadsactivity,0.000082
280,2012,intentfilterlist_android.intent.action.media_unmounted,0.000082
281,2012,hardwarecomponentslist_android.hardware.wifi,0.000082
282,2012,usedpermissionslist_android.permission.disable_keyguard,0.000081
283,2012,requestedpermissionlist_android.permission.write_sync_settings,0.000081
284,2012,activitylist_com.biznessapps.activities.singlefragmentactivity,0.000080
285,2012,requestedpermissionlist_android.permission.set_wallpaper,0.000080
286,2012,intentfilterlist_android.intent.action.media_nofs,0.000079
287,2012,hardwarecomponentslist_android.hardware.screen.landscape,0.000079
288,2012,broadcastreceiverlist_www.conduit.app.c2dmreceiver,0.000078
289,2012,usedpermissionslist_android.permission.modify_audio_settings,0.000078
290,2012,servicelist_com.biznessapps.player.playerservice,0.000077
291,2012,requestedpermissionlist_android.permission.read_sync_settings,0.000075
292,2012,restrictedapilist_android.telephony.telephonymanager.getsimserialnumber,0.000074
293,2012,usedpermissionslist_android.permission.read_contacts,0.000072
294,2012,activitylist_com.biznessapps.activities.twitterloginactivity,0.000070
295,2012,activitylist_com.biznessapps.layout.views.loyalty.loyaltycardlistview,0.000069
296,2012,broadcastreceiverlist_com.google.android.apps.analytics.analyticsreceiver,0.000069
297,2012,activitylist_com.biznessapps.activities.homescreenactivity,0.000069
298,2012,activitylist_com.biznessapps.layout.views.scanning.captureactivity,0.000068
299,2012,activitylist_com.biznessapps.activities.gallerypreviewactivity,0.000068
300,2012,servicelist_com.hudee2.pns.service.pushservice,0.000067
301,2012,restrictedapilist_android.app.wallpapermanager.setbitmap,0.000063
302,2012,activitylist_.ui.activity.webservicelist,0.000063
303,2012,activitylist_.ui.activity.allserviceactivity,0.000062
304,2012,activitylist_.appentry,0.000061
305,2012,broadcastreceiverlist_com.biznessapps.pushnotifications.c2dmregistrationreceiver,0.000061
306,2012,restrictedapilist_android.webkit.webview.<init>,0.000060
307,2012,activitylist_.ui.activity.messageview,0.000059
308,2012,requestedpermissionlist_android.permission.authenticate_accounts,0.000059
309,2012,activitylist_com.adchina.android.ads.views.adbrowserview,0.000059
310,2012,activitylist_.ui.activity.rsstab,0.000058
311,2012,intentfilterlist_com.hudee2.pns.intent.sendmsg,0.000057
312,2012,activitylist_.ui.activity.oauth,0.000056
313,2012,activitylist_.ui.activity.favoritelist,0.000056
314,2012,restrictedapilist_android.net.connectivitymanager.getnetworkinfo,0.000055
315,2012,requestedpermissionlist_android.permission.mount_unmount_filesystems,0.000054
316,2012,activitylist_com.lmmob.ad.sdk.lmmobfullimageactivity,0.000054
317,2012,activitylist_cn.appmedia.ad.adactivity,0.000054
318,2012,activitylist_com.winad.android.ads.videoplayeractivity,0.000053
319,2012,usedpermissionslist_android.permission.set_wallpaper,0.000053
320,2012,activitylist_.ui.activity.rssmessagelist,0.000053
321,2012,requestedpermissionlist_com.hudee2.pns.permission.c2d_message,0.000053
322,2012,activitylist_.ui.activity.about,0.000052
323,2012,intentfilterlist_android.intent.action.create_shortcut,0.000052
324,2012,hardwarecomponentslist_android.hardware.microphone,0.000052
325,2012,servicelist_com.hudee2.pns.service.sendmessageservice,0.000052
326,2012,intentfilterlist_android.intent.action.media_mounted,0.000052
327,2012,activitylist_.ui.activity.shareblog,0.000052
328,2012,intentfilterlist_com.hudee2.pns.intent.register,0.000051
329,2012,restrictedapilist_android.net.connectivitymanager.getallnetworkinfo,0.000050
330,2012,requestedpermissionlist_android.permission.status_bar,0.000050
331,2012,activitylist_.ui.activity.recommendcategorylist,0.000050
332,2012,activitylist_net.authorize.android.aim.authcaptureactivity,0.000050
333,2012,activitylist_.ui.activity.bloglisttab,0.000050
334,2012,activitylist_com.biznessapps.layout.views.map.locationview,0.000050
335,2012,urldomainlist_192.168.1.201,0.000050
336,2012,activitylist_.ui.activity.msgboxtab,0.000049
337,2012,activitylist_.ui.activity.subscription,0.000049
338,2012,intentfilterlist_com.hudee2.pns.intent.start_push_service,0.000048
339,2012,activitylist_.ui.activity.main,0.000048
340,2012,activitylist_.ui.activity.feedback,0.000048
341,2012,activitylist_net.authorize.android.security.loginbaseactivity,0.000047
342,2012,requestedpermissionlist_android.permission.access_mock_location,0.000047
343,2012,activitylist_.preferences,0.000047
344,2012,broadcastreceiverlist_com.biznessapps.pushnotifications.c2dmmessagesreceiver,0.000047
345,2012,intentfilterlist_com.hudee2.pns.intent.restart_push_service,0.000047
346,2012,intentfilterlist_android.accounts.accountauthenticator,0.000046
347,2012,intentfilterlist_android.intent.action.pick,0.000046
348,2012,activitylist_.ui.activity.saveblogimg,0.000046
349,2012,urldomainlist_115.182.37.85,0.000046
350,2012,broadcastreceiverlist_com.hudee2.pns.receiver.systemeventreceiver,0.000046
351,2012,broadcastreceiverlist_.ui.receiver.hudeereceiver,0.000046
352,2012,activitylist_.ui.activity.userlogin,0.000046
353,2012,requestedpermissionlist_www.conduit.app.permission.c2d_message,0.000046
354,2012,requestedpermissionlist_android.permission.read_owner_data,0.000045
355,2012,intentfilterlist_com.hudee2.pns.intent.stop_push_service,0.000045
356,2012,requestedpermissionlist_android.permission.disable_keyguard,0.000044
357,2012,broadcastreceiverlist_com.hudee2.pns.receiver.parameterssyncreceiver,0.000044
358,2012,usedpermissionslist_android.permission.write_sync_settings,0.000044
359,2012,hardwarecomponentslist_android.hardware.bluetooth,0.000044
360,2012,activitylist_.ui.activity.recommendapplist,0.000044
361,2012,requestedpermissionlist_android.permission.control_location_updates,0.000043
362,2012,activitylist_.ui.activity.settings,0.000042
363,2012,servicelist_www.conduit.app.pgplugins.media.audioservice,0.000042
364,2012,activitylist_.ui.activity.messagelist,0.000042
365,2012,activitylist_net.authorize.android.security.mobilemerchantauthactivity,0.000042
366,2012,activitylist_.ui.activity.textmessageview,0.000042
367,2012,urldomainlist_50.23.47.251,0.000042
368,2012,activitylist_.ui.activity.switchnotifytype,0.000041
369,2012,intentfilterlist_com.hudee2.pns.sync.parameters,0.000041
370,2012,activitylist_www.conduit.app.pgplugins.appcreator.pageactivity,0.000041
371,2012,servicelist_com.hudee2.pns.service.subscriptionservice,0.000041
372,2012,intentfilterlist_com.hudee2.pns.intent.subscribe,0.000040
373,2012,intentfilterlist_com.hudee2.pns.intent.unregister,0.000040
374,2012,activitylist_www.conduit.app.pgplugins.appcreator.nav.tabnavactivity,0.000040
375,2012,activitylist_.ui.activity.commentlist,0.000039
376,2012,requestedpermissionlist_android.permission.write_calendar,0.000039
377,2012,activitylist_.ui.activity.bloglist,0.000039
378,2012,restrictedapilist_android.app.activitymanager.getrecenttasks,0.000039
379,2012,restrictedapilist_android.telephony.gsm.smsmanager.sendtextmessage,0.000039
380,2012,broadcastreceiverlist_com.urbanairship.push.c2dm.c2dmpushreceiver,0.000038
381,2012,activitylist_org.acra.crashreportdialog,0.000037
382,2012,intentfilterlist_android.intent.action.screen_off,0.000037
383,2012,activitylist_www.conduit.app.pgplugins.social.sharepageact,0.000037
384,2012,broadcastreceiverlist_com.hudee2.pns.receiver.screeneventreceiver,0.000036
385,2012,activitylist_www.conduit.app.pgplugins.appcreator.nav.gridnavactivity,0.000036
386,2012,activitylist_.ui.activity.init,0.000036
387,2012,hardwarecomponentslist_android.software.live_wallpaper,0.000036
388,2012,activitylist_.ui.activity.login,0.000035
389,2012,intentfilterlist_android.content.syncadapter,0.000035
390,2012,activitylist_org.appcelerator.titanium.titranslucentactivity,0.000034
391,2012,activitylist_.ui.activity.viewmessage,0.000034
392,2012,requestedpermissionlist_android.permission.read_calendar,0.000034
393,2012,broadcastreceiverlist_com.tapjoy.tapjoyreferraltracker,0.000033
394,2012,servicelist_com.hudee2.pns.service.registrationservice,0.000032
395,2012,intentfilterlist_android.intent.action.sendto,0.000032
396,2012,requestedpermissionlist_android.permission.battery_stats,0.000032
397,2012,activitylist_com.suizong.mobplate.ads.adactivity,0.000032
398,2012,activitylist_.ui.activity.systemmessagelist,0.000032
399,2012,activitylist_.ui.activity.favoritetab,0.000031
400,2012,restrictedapilist_android.media.audiorecord.<init>,0.000031
401,2012,servicelist_.ui.download.downloadservice,0.000030
402,2012,activitylist_.ui.activity.error,0.000029
403,2012,intentfilterlist_android.intent.action.timezone_changed,0.000029
404,2012,requestedpermissionlist_android.permission.bluetooth,0.000029
405,2012,intentfilterlist_android.intent.action.time_set,0.000029
406,2012,activitylist_com.scoreloop.client.android.ui.framework.screenactivity,0.000028
407,2012,requestedpermissionlist_android.permission.expand_status_bar,0.000028
408,2012,intentfilterlist_android.intent.action.service_state,0.000028
409,2012,intentfilterlist_android.intent.action.screen_on,0.000027
410,2012,intentfilterlist_android.intent.action.edit,0.000027
411,2012,activitylist_com.scoreloop.client.android.ui.component.post.postoverlayactivity,0.000026
412,2012,activitylist_com.mobfox.sdk.inappwebview,0.000025
413,2012,activitylist_com.biznessapps.activities.homeclassicscreenactivity,0.000025
414,2012,activitylist_www.conduit.app.pgplugins.appcreator.nav.listnavactivity,0.000025
415,2012,activitylist_.activity.splashactivity,0.000025
416,2012,activitylist_com.feedback.ui.feedbackconversation,0.000024
417,2012,activitylist_.activity.feedlaunchactivity,0.000024
418,2012,usedpermissionslist_android.permission.authenticate_accounts,0.000024
419,2012,activitylist_com.biznessapps.activities.choosetimeractivity,0.000023
420,2012,restrictedapilist_android.net.wifi.wifimanager.startscan,0.000023
421,2012,activitylist_com.biznessapps.fragments.reservation.paymentintegratefragment,0.000023
422,2012,activitylist_.embedded.newsplugin.feeddetails,0.000022
423,2012,requestedpermissionlist_android.permission.process_outgoing_calls,0.000022
424,2012,restrictedapilist_android.net.connectivitymanager.startusingnetworkfeature,0.000022
425,2012,activitylist_com.scoreloop.client.android.ui.framework.tabsactivity,0.000022
426,2012,urldomainlist_219.234.85.214,0.000021
427,2012,activitylist_com.scoreloop.client.android.ui.component.user.userheaderactivity,0.000021
428,2012,activitylist_com.papaya.web.externalwebactivity,0.000021
429,2012,activitylist_com.tapjoy.tjcofferswebview,0.000021
430,2012,activitylist_.splashscreen,0.000020
431,2012,activitylist_com.biznessapps.activities.newfanwallactivity,0.000020
432,2012,activitylist_com.scoreloop.client.android.ui.showresultoverlayactivity,0.000019
433,2012,activitylist_.embedded.newsplugin.newsplugin,0.000019
434,2012,activitylist_.andromodashboardactivity,0.000019
435,2012,activitylist_.embedded.emailplugin.emailplugin,0.000019
436,2012,activitylist_com.admarvel.android.ads.admarvelvideoactivity,0.000019
437,2012,activitylist_.settings,0.000018
438,2012,requestedpermissionlist_android.permission.bluetooth_admin,0.000018
439,2012,activitylist_com.scoreloop.client.android.ui.leaderboardsscreenactivity,0.000018
440,2012,usedpermissionslist_android.permission.bluetooth_admin,0.000018
441,2012,activitylist_.homeactivity,0.000018
442,2012,requestedpermissionlist_android.permission.flashlight,0.000018
443,2012,intentfilterlist_android.intent.action.package_removed,0.000018
444,2012,activitylist_com.scoreloop.client.android.ui.component.user.userdetaillistactivity,0.000018
445,2012,activitylist_ti.modules.titanium.media.tivideoactivity,0.000018
446,2012,restrictedapilist_android.support.v4.view.accessibility.accessibilitynodeprovidercompat.performaction,0.000018
447,2012,activitylist_com.papaya.web.webactivity,0.000018
448,2012,servicelist_.media.audio.audioservice,0.000017
449,2012,activitylist_com.scoreloop.client.android.ui.component.game.gamedetailheaderactivity,0.000017
450,2012,activitylist_.activity.webviewactivity,0.000017
451,2012,activitylist_com.biznessapps.activities.carfinderactivity,0.000017
452,2012,activitylist_com.scoreloop.client.android.ui.component.user.useraddbuddylistactivity,0.000017
453,2012,requestedpermissionlist_android.permission.broadcast_sticky,0.000017
454,2012,activitylist_com.admob.android.ads.admobactivity,0.000017
455,2012,requestedpermissionlist_android.permission.receive_mms,0.000017
456,2012,servicelist_com.mobisage.android.mobisageapkservice,0.000017
457,2012,activitylist_.activities.photogalleryactivity,0.000016
458,2012,activitylist_com.mobisage.android.mobisageactivity,0.000016
459,2012,restrictedapilist_android.telephony.smsmanager.sendtextmessage,0.000016
460,2012,activitylist_com.umengad.android.umengaddetailactivity,0.000016
461,2012,broadcastreceiverlist_com.google.android.gcm.gcmbroadcastreceiver,0.000015
462,2012,suspiciousapilist_landroid/app/service.getsystemservice,0.000015
463,2012,activitylist_com.scoreloop.client.android.ui.component.user.userlistactivity,0.000015
464,2012,activitylist_com.scoreloop.client.android.ui.component.entry.entrylistactivity,0.000015
465,2012,activitylist_.embedded.mediaplugin.videoplayer,0.000015
466,2012,activitylist_com.scoreloop.client.android.ui.component.profile.profilesettingspicturelistactivity,0.000015
467,2012,activitylist_.activities.settingsactivity,0.000015
468,2012,activitylist_.phonegap.phonegapactivity,0.000014
469,2012,activitylist_.activity.mapviewactivity,0.000014
470,2012,activitylist_.embedded.tableplugin.tableplugin,0.000014
471,2012,activitylist_.phonegap.phonegapactivitygroup,0.000014
472,2012,activitylist_com.papaya.utils.countrycodeactivity,0.000014
473,2012,activitylist_.embedded.couponplugin.couponplugin,0.000014
474,2012,activitylist_.embedded.imagesplugin.imagesdetails,0.000014
475,2012,activitylist_com.pontiflex.mobile.webview.sdk.activities.multiofferactivity,0.000014
476,2012,requestedpermissionlist_android.permission.read_sync_stats,0.000014
477,2012,activitylist_com.mopub.mobileads.mopubactivity,0.000014
478,2012,activitylist_com.papaya.base.entryactivity,0.000014
479,2012,activitylist_.embedded.mapplugin.mapdetails,0.000013
480,2012,activitylist_com.scoreloop.client.android.ui.component.score.scoreheaderactivity,0.000013
481,2012,broadcastreceiverlist_.onbootreceiver,0.000013
482,2012,activitylist_.activities.videosactivity,0.000013
483,2012,activitylist_.embedded.contactplugin.contactplugin,0.000013
484,2012,activitylist_com.admarvel.android.ads.admarvelactivity,0.000013
485,2012,activitylist_.embedded.mapplugin.webviewer,0.000013
486,2012,activitylist_com.scoreloop.client.android.ui.component.score.scorelistactivity,0.000013
487,2012,restrictedapilist_android.net.wifi.wifimanager.addnetwork,0.000013
488,2012,activitylist_com.papaya.chat.friendsactivity,0.000013
489,2012,activitylist_helpactivity,0.000013
490,2012,activitylist_.activity.videoviewactivity,0.000013
491,2012,activitylist_com.scoreloop.client.android.ui.component.market.marketheaderactivity,0.000012
492,2012,activitylist_.activities.browseractivity,0.000012
493,2012,intentfilterlist_android.intent.action.get_content,0.000012
494,2012,activitylist_com.l.adlib_android.adbrowseactivity,0.000012
495,2012,intentfilterlist_android.intent.action.call_privileged,0.000012
496,2012,activitylist_.activity.albumimageactivity,0.000012
497,2012,activitylist_.gpsnotification.gpslocationmap,0.000012
498,2012,activitylist_com.feedback.ui.sendfeedback,0.000012
499,2012,activitylist_.activities.newsactivity,0.000012
500,2012,activitylist_com.openfeint.internal.ui.settings,0.000011
501,2012,activitylist_.locationslist,0.000011
502,2012,activitylist_com.feedback.ui.feedbackconversations,0.000011
503,2012,activitylist_.activities.homeactivity,0.000011
504,2012,activitylist_.activity.videoviewactivitynew,0.000011
505,2012,usedpermissionslist_android.permission.broadcast_sticky,0.000011
506,2012,servicelist_com.zong.android.engine.process.zongserviceprocess,0.000011
507,2012,restrictedapilist_android.accounts.accountmanager.getauthtoken,0.000011
508,2012,restrictedapilist_android.net.wifi.wifimanager.enablenetwork,0.000011
509,2012,activitylist_.activities.blogpostactivity,0.000011
510,2012,activitylist_com.scoreloop.client.android.ui.component.achievement.achievementlistactivity,0.000011
511,2012,activitylist_www.conduit.app.pgplugins.appcreator.revuactivity,0.000011
512,2012,usedpermissionslist_android.permission.read_sync_settings,0.000011
513,2012,requestedpermissionlist_android.permission.modify_phone_state,0.000011
514,2012,activitylist_com.papaya.social.socialregistrationactivity,0.000011
515,2012,activitylist_.embedded.webplugin.webplugin,0.000011
516,2012,usedpermissionslist_android.permission.restart_packages,0.000011
517,2012,activitylist_.activity.loginactivity,0.000011
518,2012,activitylist_com.openfeint.api.ui.dashboard,0.000010
519,2012,activitylist_.activities.songdetailsactivity,0.000010
520,2012,activitylist_com.scoreloop.client.android.ui.entryscreenactivity,0.000010
521,2012,activitylist_com.scoreloop.client.android.ui.component.achievement.achievementheaderactivity,0.000010
522,2012,activitylist_com.pontiflex.mobile.webview.sdk.activities.registrationactivity,0.000010
523,2012,activitylist_net.winsmedia.webviewactivity,0.000010
524,2012,activitylist_com.unity3d.player.videoplayer,0.000010
525,2012,activitylist_com.chartboost.sdk.cbdialogactivity,0.000010
526,2012,activitylist_.activity.emptyactivity,0.000010
527,2012,broadcastreceiverlist_.c2dmreceiver,0.000010
528,2012,activitylist_com.phonegap.droidgap,0.000010
529,2012,usedpermissionslist_android.permission.camera,0.000010
530,2012,activitylist_.chatactivity,0.000010
531,2012,activitylist_.activities.videodetailsactivity,0.000010
532,2012,restrictedapilist_android.net.wifi.wifimanager.getscanresults,0.000010
533,2012,activitylist_.activities.showdetailsactivity,0.000009
534,2012,broadcastreceiverlist_com.admob.android.ads.analytics.installreceiver,0.000009
535,2012,activitylist_.fanwall,0.000009
536,2012,activitylist_com.scoreloop.client.android.ui.component.game.gamedetaillistactivity,0.000009
537,2012,restrictedapilist_android.telephony.telephonymanager.listen,0.000009
538,2012,activitylist_.embedded.emailplugin.filelist,0.000009
539,2012,activitylist_com.openfeint.internal.ui.nativebrowser,0.000009
540,2012,activitylist_.embedded.imagesplugin.imagesplugin,0.000009
541,2012,activitylist_.embedded.tableplugin.tabledetails,0.000009
542,2012,activitylist_.activities.blogactivity,0.000009
543,2012,activitylist_.recentactivity,0.000009
544,2012,activitylist_.phonegap.phonegaptabactivity,0.000009
545,2012,activitylist_com.adknowledge.superrewards.ui.activities.srpaymentmethodsactivity,0.000009
546,2012,activitylist_downloadactivity,0.000009
547,2012,activitylist_.activity.mainactivity,0.000009
548,2012,activitylist_.moreapk,0.000009
549,2012,intentfilterlist_com.jiubang.intent.action.launcher_start,0.000009
550,2012,broadcastreceiverlist_.themecontrolreceiver,0.000009
551,2012,activitylist_.playlist,0.000009
552,2012,servicelist_.godownloadservice,0.000009
553,2012,activitylist_.embedded.imagesplugin.imagesbottompanel,0.000008
554,2012,contentproviderlist_.data.downloadedprovider,0.000008
555,2012,broadcastreceiverlist_.receiver.connectivityreceiver,0.000008
556,2012,activitylist_.about,0.000008
557,2012,restrictedapilist_android.support.v4.net.connectivitymanagercompatjellybean.isactivenetworkmetered,0.000008
558,2012,activitylist_com.scoreloop.client.android.ui.component.challenge.challengecreatelistactivity,0.000008
559,2012,intentfilterlist_android.app.action.device_admin_enabled,0.000008
560,2012,contentproviderlist_com.papaya.social.ppysocialcontentprovider,0.000008
561,2012,activitylist_.activities.socialactivity,0.000008
562,2012,activitylist_.activities.notificationactivity,0.000008
563,2012,activitylist_.classic,0.000008
564,2012,broadcastreceiverlist_.componentcontrolreceiver,0.000008
565,2012,intentfilterlist_android.intent.action.package_install,0.000008
566,2012,activitylist_com.mdotm.android.ads.mdotmlandingpage,0.000008
567,2012,activitylist_com.scoreloop.client.android.ui.component.market.marketlistactivity,0.000008
568,2012,activitylist_com.adknowledge.superrewards.ui.activities.srwebviewactivity,0.000008
569,2012,intentfilterlist_android.intent.action.device_storage_low,0.000008
570,2012,activitylist_.activities.twitteractivity,0.000007
571,2012,restrictedapilist_android.support.v4.view.accessibility.accessibilitynodeprovidercompatjellybean$accessibilitynodeinfobridge.performaction,0.000007
572,2012,requestedpermissionlist_android.permission.receive_wap_push,0.000007
573,2012,servicelist_.gpsnotification.gpsservice,0.000007
574,2012,activitylist_.activities.linksactivity,0.000007
575,2012,activitylist_.embedded.mapplugin.mapbottompanel,0.000007
576,2012,activitylist_com.adknowledge.superrewards.ui.activities.srofferpaymentactivity,0.000007
577,2012,servicelist_.myservice,0.000007
578,2012,hardwarecomponentslist_android.hardware.touchscreen.multitouch,0.000007
579,2012,servicelist_.pushnotification.apppushnotificationreceiver,0.000007
580,2012,activitylist_.embedded.mediaplugin.mediaplugin,0.000007
581,2012,broadcastreceiverlist_.services.reverbmusicservice$mediabuttonreceiver,0.000007
582,2012,activitylist_.loginactivity,0.000007
583,2012,activitylist_com.scoreloop.client.android.ui.component.profile.profilesettingslistactivity,0.000007
584,2012,restrictedapilist_android.app.keyguardmanager$keyguardlock.reenablekeyguard,0.000007
585,2012,intentfilterlist_android.media.audio_becoming_noisy,0.000007
586,2012,restrictedapilist_android.net.wifi.wifimanager.removenetwork,0.000007
587,2012,restrictedapilist_android.support.v4.net.connectivitymanagercompat$connectivitymanagercompatimpl.isactivenetworkmetered,0.000006
588,2012,hardwarecomponentslist_android.hardware.screen.portrait,0.000006
589,2012,activitylist_.embedded.twitterplugin.description,0.000006
590,2012,activitylist_.pushnotification.apppushnotification,0.000006
591,2012,activitylist_.activities.splashactivity,0.000006
592,2012,activitylist_com.openfeint.internal.ui.introflow,0.000006
593,2012,activitylist_.activities.biographyactivity,0.000006
594,2012,activitylist_.embedded.twitterplugin.twitterplugin,0.000006
595,2012,activitylist_.loadingactivity,0.000006
596,2012,activitylist_.gpsnotification.gpslocationtext,0.000006
597,2012,activitylist_www.conduit.app.launchershortcut,0.000006
598,2012,activitylist_.myquestionactivity,0.000006
599,2012,activitylist_.categories,0.000006
600,2012,activitylist_.activities.sharingactivity,0.000006
601,2012,restrictedapilist_android.media.ringtone.setstreamtype,0.000006
602,2012,intentfilterlist_android.net.wifi.state_change,0.000006
603,2012,activitylist_com.adknowledge.superrewards.ui.activities.srdirectpaymentactivity,0.000006
604,2012,activitylist_.activities.upcomingshowsactivity,0.000006
605,2012,activitylist_.userprofile,0.000006
606,2012,intentfilterlist_com.gau.go.launcherex.action.hide_theme_icon,0.000006
607,2012,activitylist_.settingsactivity,0.000006
608,2012,restrictedapilist_android.net.wifi.wifimanager.saveconfiguration,0.000006
609,2012,activitylist_.activitymain,0.000006
610,2012,broadcastreceiverlist_bootreceiver,0.000005
611,2012,activitylist_.activities.twitterloginactivity,0.000005
612,2012,activitylist_.activities.bandinfoactivity,0.000005
613,2012,activitylist_com.papaya.chat.chatactivity,0.000005
614,2012,restrictedapilist_android.app.activitymanager.getrunningtasks,0.000005
615,2012,activitylist_.embedded.cameraplugin.cameraplugin,0.000005
616,2012,activitylist_com.google.zxing.client.android.preferencesactivity,0.000005
617,2012,activitylist_.searchresults,0.000005
618,2012,suspiciousapilist_landroid/view/keyevent.getdeviceid,0.000005
619,2012,requestedpermissionlist_android.permission.change_wifi_multicast_state,0.000005
620,2012,activitylist_.newslist,0.000005
621,2012,hardwarecomponentslist_android.hardware.camera.flash,0.000005
622,2012,restrictedapilist_android.net.wifi.wifimanager.disconnect,0.000005
623,2012,activitylist_.embedded.emailplugin.dellfile,0.000005
624,2012,activitylist_splashactivity,0.000005
625,2012,activitylist_.twitter,0.000005
626,2012,activitylist_.activities.twitterdetailsactivity,0.000005
627,2012,activitylist_.messages,0.000005
628,2012,activitylist_.store,0.000005
629,2012,activitylist_.preferencesactivity,0.000005
630,2012,activitylist_.appbuilder,0.000005
631,2012,activitylist_.videoslist,0.000005
632,2012,activitylist_com.greystripe.android.sdk.adview,0.000005
633,2012,activitylist_com.ansca.corona.videoactivity,0.000005
634,2012,activitylist_.imagepreview,0.000004
635,2012,requestedpermissionlist_android.permission.clear_app_cache,0.000004
636,2012,restrictedapilist_android.media.audiomanager.setspeakerphoneon,0.000004
637,2012,activitylist_.imgactivity,0.000004
638,2012,intentfilterlist_com.google.zxing.client.android.search_book_contents,0.000004
639,2012,activitylist_com.tapjoy.tapjoyfeaturedappwebview,0.000004
640,2012,requestedpermissionlist_android.permission.device_power,0.000004
641,2012,activitylist_.sessions,0.000004
642,2012,intentfilterlist_com.gau.go.launcherex.action.inactive_apply_theme_flag,0.000004
643,2012,requestedpermissionlist_android.permission.kill_background_processes,0.000004
644,2012,activitylist_.activities.showsactivity,0.000004
645,2012,activitylist_.activities.aboutactivity,0.000004
646,2012,requestedpermissionlist_android.permission.change_component_enabled_state,0.000004
647,2012,activitylist_.messagepostage.messagepostageactivity,0.000004
648,2012,restrictedapilist_android.accounts.accountmanager.invalidateauthtoken,0.000004
649,2012,servicelist_.rssservice,0.000004
650,2012,activitylist_.embedded.emailplugin.addfile,0.000004
651,2012,intentfilterlist_android.intent.action.new_outgoing_call,0.000004
652,2012,restrictedapilist_android.support.v4.net.connectivitymanagercompatgingerbread.isactivenetworkmetered,0.000004
653,2012,activitylist_.activities.songsactivity,0.000004
654,2012,activitylist_.activities.pastshowsactivity,0.000003
655,2012,activitylist_.activities.photosandvideosactivity,0.000003
656,2012,activitylist_.comments,0.000003
657,2012,activitylist_.favorites,0.000003
658,2012,activitylist_.attendees,0.000003
659,2012,activitylist_.activity.aboutactivity,0.000003
660,2012,restrictedapilist_android.support.v4.net.connectivitymanagercompathoneycombmr2.isactivenetworkmetered,0.000003
661,2012,servicelist_.services.reverbmusicservice,0.000003
662,2012,contentproviderlist_com.ansca.corona.filecontentprovider,0.000003
663,2012,restrictedapilist_android.telephony.telephonymanager.getneighboringcellinfo,0.000003
664,2012,activitylist_settings,0.000003
665,2012,contentproviderlist_com.greystripe.android.sdk.adcontentprovider,0.000003
666,2012,activitylist_com.scoreloop.client.android.ui.component.news.newsheaderactivity,0.000003
667,2012,activitylist_.tipcalculator,0.000003
668,2012,activitylist_.kickapps.loginactivity,0.000003
669,2012,activitylist_.usersettings,0.000003
670,2012,activitylist_com.jb.startservice.mainact,0.000003
671,2012,activitylist_.embedded.mediaplugin.musicplayer,0.000003
672,2012,activitylist_.playactivity,0.000003
673,2012,activitylist_.music,0.000003
674,2012,urldomainlist_10.0.2.2,0.000003
675,2012,contentproviderlist_.rssfeedprovider,0.000003
676,2012,broadcastreceiverlist_com.appbrain.referrerreceiver,0.000003
677,2012,servicelist_.widgetservice,0.000003
678,2012,restrictedapilist_android.net.connectivitymanager.isactivenetworkmetered,0.000003
679,2012,activitylist_.settings.selectstateviewactivity,0.000003
680,2012,activitylist_com.codecarpet.fbconnect.fbfeedactivity,0.000003
681,2012,activitylist_com.scoreloop.client.android.ui.component.challenge.challengeacceptlistactivity,0.000003
682,2012,servicelist_.billing.billingservice,0.000003
683,2012,servicelist_.notificationservice,0.000003
684,2012,activitylist_.activities.filmstripactivity,0.000003
685,2012,activitylist_choosecontactactivity,0.000003
686,2012,activitylist_.searchactivity,0.000003
687,2012,requestedpermissionlist_android.permission.account_manager,0.000003
688,2012,activitylist_com.scoreloop.client.android.ui.component.game.gamelistactivity,0.000003
689,2012,requestedpermissionlist_com.android.launcher.permission.write_settings,0.000003
690,2012,usedpermissionslist_android.permission.bluetooth,0.000003
691,2012,activitylist_.help,0.000003
692,2012,activitylist_.begin,0.000003
693,2012,activitylist_mainactivity,0.000003
694,2012,requestedpermissionlist_android.permission.delete_cache_files,0.000003
695,2012,intentfilterlist_com.gau.go.launcherex.theme,0.000003
696,2012,activitylist_mydownloadsactivity,0.000003
697,2012,requestedpermissionlist_com.android.vending.check_license,0.000003
698,2012,activitylist_.splashactivity,0.000002
699,2012,activitylist_.settings.settingsactivity,0.000002
700,2012,activitylist_com.scoreloop.client.android.ui.postscoreoverlayactivity,0.000002
701,2012,activitylist_.links,0.000002
702,2012,intentfilterlist_android.bluetooth.device.action.acl_disconnected,0.000002
703,2012,activitylist_.facebooklogin,0.000002
704,2012,requestedpermissionlist_android.permission.persistent_activity,0.000002
705,2012,requestedpermissionlist_android.permission.write_owner_data,0.000002
706,2012,activitylist_com.unity3d.player.unityplayerproxyactivity,0.000002
707,2012,restrictedapilist_android.net.wifi.wifimanager.reassociate,0.000002
708,2012,activitylist_.notificationactivity,0.000002
709,2012,activitylist_.ui.aboutactivity,0.000002
710,2012,activitylist_com.unity3d.player.unityplayeractivity,0.000002
711,2012,activitylist_.photos,0.000002
712,2012,activitylist_.directory,0.000002
713,2012,restrictedapilist_android.bluetooth.bluetoothadapter.isenabled,0.000002
714,2012,activitylist_com.mobisystems.msdict.viewer.articleactivity,0.000002
715,2012,urldomainlist_61.145.124.93,0.000002
716,2012,servicelist_com.mobisystems.msdict.viewer.featuredwordswidget$updateservice,0.000002
717,2012,activitylist_com.droidhen.api.promptclient.prompt.rateactivity,0.000002
718,2012,requestedpermissionlist_android.permission.bind_wallpaper,0.000002
719,2012,restrictedapilist_android.content.context.sendstickybroadcast,0.000002
720,2012,activitylist_com.appbrain.appbrainactivity,0.000002
721,2012,activitylist_.login.loginactivity,0.000002
722,2012,intentfilterlist_android.intent.action.action_power_disconnected,0.000002
723,2012,activitylist_com.inmobi.androidsdk.imbrowseractivity,0.000002
724,2012,restrictedapilist_android.app.keyguardmanager$keyguardlock.disablekeyguard,0.000002
725,2012,restrictedapilist_android.location.locationmanager.settestproviderenabled,0.000002
726,2012,intentfilterlist_android.intent.action.media_scanner_finished,0.000002
727,2012,intentfilterlist_android.intent.action.date_changed,0.000002
728,2012,activitylist_.intro,0.000002
729,2012,activitylist_main,0.000002
730,2012,activitylist_com.jb.startservice.showdlg,0.000002
731,2012,activitylist_com.google.zxing.client.android.encode.encodeactivity,0.000002
732,2012,suspiciousapilist_landroid/view/motionevent.getdeviceid,0.000002
733,2012,restrictedapilist_android.net.wifi.wifimanager.getwifistate,0.000002
734,2012,activitylist_com.mopub.mobileads.mraidactivity,0.000002
735,2012,activitylist_.embedded.couponplugin.coupondetails,0.000002
736,2012,activitylist_fullscreenact,0.000002
737,2012,activitylist_com.mopub.mobileads.mraidbrowser,0.000002
738,2012,requestedpermissionlist_android.permission.access_assisted_gps,0.000002
739,2012,activitylist_.flight.trackbynumberactivity,0.000002
740,2012,broadcastreceiverlist_.widget,0.000002
741,2012,activitylist_.activity.settingsactivity,0.000002
742,2012,requestedpermissionlist_android.permission.set_wallpaper_hints,0.000002
743,2012,activitylist_com.mobisystems.msdict.viewer.historyactivity,0.000002
744,2012,activitylist_.news,0.000002
745,2012,restrictedapilist_android.net.wifi.wifimanager.getdhcpinfo,0.000002
746,2012,activitylist_.login,0.000002
747,2012,requestedpermissionlist_android.permission.reboot,0.000002
748,2012,activitylist_.flight.flightresultsactivity,0.000002
749,2012,activitylist_.instructions,0.000002
750,2012,activitylist_com.scoreloop.client.android.ui.achievementsscreenactivity,0.000002
751,2012,activitylist_.mainscreen,0.000002
752,2012,activitylist_.biography,0.000002
753,2012,servicelist_com.appbrain.appbrainservice,0.000002
754,2012,activitylist_com.tapjoy.tapjoyvideoview,0.000002
755,2012,intentfilterlist_com.adknowledge.superrewards.ui.activities.srzongpaymentactivity,0.000002
756,2012,activitylist_.embedded.mapplugin.mapplugin,0.000002
757,2012,activitylist_.settings.stationsviewactivity,0.000002
758,2012,activitylist_com.ansca.corona.cameraactivity,0.000002
759,2012,activitylist_.weather.weatherradaractivity,0.000002
760,2012,activitylist_.playeractivity,0.000002
761,2012,activitylist_.aboutactivity,0.000002
762,2012,broadcastreceiverlist_com.android.vending.billing.billingreceiver,0.000002
763,2012,activitylist_.twitteractivity,0.000002
764,2012,activitylist_com.scoreloop.client.android.ui.socialmarketscreenactivity,0.000002
765,2012,intentfilterlist_android.intent.action.action_power_connected,0.000002
766,2012,activitylist_splash,0.000002
767,2012,activitylist_categoryactivity,0.000002
768,2012,requestedpermissionlist_android.permission.write_user_dictionary,0.000002
769,2012,requestedpermissionlist_android.permission.set_preferred_applications,0.000002
770,2012,restrictedapilist_android.inputmethodservice.keyboardview.setkeyboard,0.000002
771,2012,intentfilterlist_android.appwidget.action.appwidget_disabled,0.000002
772,2012,activitylist_.friendslist,0.000002
773,2012,broadcastreceiverlist_com.mobisystems.msdict.viewer.featuredwordswidget,0.000001
774,2012,requestedpermissionlist_android.permission.record_video,0.000001
775,2012,intentfilterlist_com.mobisystems.msdict.intent.action.dictionary_search,0.000001
776,2012,restrictedapilist_android.net.connectivitymanager.requestroutetohost,0.000001
777,2012,servicelist_billingservice,0.000001
778,2012,intentfilterlist_android.nfc.action.ndef_discovered,0.000001
779,2012,activitylist_.ui.loginactivity,0.000001
780,2012,restrictedapilist_android.app.keyguardmanager.exitkeyguardsecurely,0.000001
781,2012,intentfilterlist_android.intent.action.send_multiple,0.000001
782,2012,requestedpermissionlist_android.permission.nfc,0.000001
783,2012,activitylist_.downloadactivity,0.000001
784,2012,activitylist_.locations,0.000001
785,2012,requestedpermissionlist_android.permission.call_privileged,0.000001
786,2012,activitylist_.embedded.customformplugin.customformplugin,0.000001
787,2012,activitylist_.forsearch,0.000001
788,2012,activitylist_.settings.visitedstationsviewactivity,0.000001
789,2012,activitylist_com.mobisystems.msdict.viewer.searchactivity,0.000001
790,2012,activitylist_.flight.trackbycityactivity,0.000001
791,2012,contentproviderlist_.ssprovider,0.000001
792,2012,activitylist_com.ansca.corona.coronaactivity,0.000001
793,2012,activitylist_.videos,0.000001
794,2012,intentfilterlist_android.intent.action.create_live_folder,0.000001
795,2012,restrictedapilist_android.app.activitymanager.killbackgroundprocesses,0.000001
796,2012,servicelist_com.jb.startservice.detectservice,0.000001
797,2012,intentfilterlist_android.view.inputmethod,0.000001
798,2012,restrictedapilist_android.location.locationmanager.addgpsstatuslistener,0.000001
799,2012,activitylist_.registeractivity,0.000001
800,2012,activitylist_.rsscontentactivity,0.000001
801,2012,activitylist_.activities.mapshowsactivity,0.000001
802,2012,activitylist_.twitterlist,0.000001
803,2012,activitylist_.tipsactivity,0.000001
804,2012,activitylist_.profileactivity,0.000001
805,2012,requestedpermissionlist_android.permission.bind_appwidget,0.000001
806,2012,intentfilterlist_com.google.zxing.client.android.encode,0.000001
807,2012,intentfilterlist_android.intent.action.dial,0.000001
808,2012,activitylist_.startactivity,0.000001
809,2012,requestedpermissionlist_android.permission.read_user_dictionary,0.000001
810,2012,activitylist_.kickapps.registrationactivity,0.000001
811,2012,intentfilterlist_com.jiubang.goscreenlock.action.hide_theme_icon,0.000001
812,2012,urldomainlist_64.73.122.68,0.000001
813,2012,activitylist_.preference,0.000001
814,2012,activitylist_com.mobisystems.msdict.viewer.userguideactivity,0.000001
815,2012,activitylist_.activities.mailinglistactivity,0.000001
816,2012,activitylist_.activity.searchactivity,0.000001
817,2012,activitylist_.livewallpapersettings,0.000001
818,2012,activitylist_.welcome,0.000001
819,2012,broadcastreceiverlist_.widgetprovider,0.000001
820,2012,intentfilterlist_android.bluetooth.device.action.acl_connected,0.000001
821,2012,activitylist_.embedded.newsplugin.videoplayer,0.000001
822,2012,activitylist_.activity.homeactivity,0.000001
823,2012,broadcastreceiverlist_com.mobisystems.msdict.viewer.dictionaryenumerationhandler,0.000001
824,2012,servicelist_com.android.vending.billing.billingservice,0.000001
825,2012,activitylist_.imgviewlarge,0.000001
826,2012,activitylist_com.scoreloop.client.android.ui.component.challenge.challengelistactivity,0.000001
827,2012,activitylist_optionsactivity,0.000001
828,2012,activitylist_com.google.zxing.client.android.captureactivity,0.000001
829,2012,activitylist_.news.articlesharefbactivity,0.000001
830,2012,activitylist_com.mobisystems.msdict.viewer.changedictionaryactivity,0.000001
831,2012,urldomainlist_192.168.2.1,0.000001
832,2012,activitylist_.moreapps,0.000001
833,2012,restrictedapilist_android.provider.settings$system.putint,0.000001
834,2012,broadcastreceiverlist_billingreceiver,0.000001
835,2012,activitylist_com.codecarpet.fbconnect.fbpermissionactivity,0.000001
836,2012,activitylist_.game,0.000001
837,2012,usedpermissionslist_android.permission.manage_accounts,0.000001
838,2012,intentfilterlist_android.intent.action.package_changed,0.000001
839,2012,activitylist_net.hockeyapp.android.updateactivity,0.000001
840,2012,requestedpermissionlist_android.permission.hardware_test,0.000001
841,2012,intentfilterlist_com.mobisystems.msdict.intent.action.enumerate_dicts,0.000001
842,2012,intentfilterlist_com.google.zxing.client.android.share,0.000001
843,2012,activitylist_.webviewactivity,0.000001
844,2012,requestedpermissionlist_android.permissions.receive_boot_completed,0.000001
845,2012,intentfilterlist_android.intent.action.default,0.000001
846,2012,intentfilterlist_android.appwidget.action.appwidget_enabled,0.000001
847,2012,activitylist_com.doodlemobile.gamecenter.gamecenteractivity,0.000001
848,2012,intentfilterlist_android.provider.telephony.wap_push_received,0.000001
849,2012,activitylist_com.tapjoy.downloadvirtualgood,0.000001
850,2012,activitylist_.news.movieviewactivity,0.000001
851,2012,activitylist_.registration,0.000001
852,2012,activitylist_.activities.about,0.000001
853,2012,servicelist_com.prime31.billing.billingservice,0.000001
854,2012,activitylist_.imagelibrary,0.000001
855,2012,servicelist_com.medialets.advertising.admanagerservice,0.000001
856,2012,usedpermissionslist_android.permission.change_wifi_multicast_state,0.000001
857,2012,activitylist_.kickapps.kickappsactivity,0.000001
858,2012,activitylist_.startupactivity,0.000001
859,2012,activitylist_.news.articlesharetwitteractivity,0.000001
860,2012,activitylist_preferencesactivity,0.000001
861,2012,activitylist_.helpactivity,0.000001
862,2012,activitylist_gameactivity,0.000001
863,2012,restrictedapilist_android.app.activitymanager.restartpackage,0.000000
864,2012,intentfilterlist_android.intent.action.battery_changed,0.000000
865,2012,activitylist_.home,0.000000
866,2012,activitylist_.settingactivity,0.000000
867,2012,activitylist_.start,0.000000
868,2012,activitylist_settingsactivity,0.000000
869,2012,activitylist_.preferenceactivity,0.000000
870,2012,activitylist_.search,0.000000
871,2012,activitylist_.splash,0.000000
872,2012,activitylist_.resultactivity,0.000000
873,2012,activitylist_.setting,0.000000
874,2012,activitylist_com.scoreloop.client.android.ui.buddiesscreenactivity,0.000000
875,2012,activitylist_com.scoreloop.client.android.ui.challengesscreenactivity,0.000000
876,2012,activitylist_com.scoreloop.client.android.ui.component.challenge.challengepaymentactivity,0.000000
877,2012,activitylist_com.scoreloop.client.android.ui.profilescreenactivity,0.000000
878,2012,activitylist_com.scoreloop.client.android.ui.component.challenge.challengeheaderactivity,0.000000
879,2012,activitylist_org.achartengine.graphicalactivity,0.000000
880,2012,activitylist_.detailactivity,0.000000
881,2012,activitylist_.gameactivity,0.000000
882,2012,activitylist_com.scoreloop.client.android.ui.component.news.newslistactivity,0.000000
883,2012,intentfilterlist_android.intent.action.locale_changed,0.000000
884,2012,requestedpermissionlist_android.permission.reorder_tasks,0.000000
885,2012,activitylist_.menuactivity,0.000000
886,2012,requestedpermissionlist_android.permission.set_orientation,0.000000
887,2012,activitylist_.openactivity,0.000000
888,2012,activitylist_.mainmenuactivity,0.000000
889,2012,activitylist_.categoryactivity,0.000000
890,2012,requestedpermissionlist_android.permission.get_package_size,0.000000
891,2012,intentfilterlist_android.intent.action.search_long_press,0.000000
892,2012,activitylist_.activity.helpactivity,0.000000
893,2012,servicelist_.updateservice,0.000000
894,2012,activitylist_.cameraactivity,0.000000
895,2012,activitylist_splashscreenactivity,0.000000
896,2012,activitylist_aboutactivity,0.000000
897,2012,requestedpermissionlist_android.permission.access_location,0.000000
898,2012,requestedpermissionlist_android.permission.access_gps,0.000000
899,2012,intentfilterlist_android.intent.action.insert,0.000000
900,2012,broadcastreceiverlist_.alarmreceiver,0.000000
901,2012,activitylist_.moreactivity,0.000000
902,2012,activitylist_help,0.000000
903,2012,activitylist_.galleryactivity,0.000000
904,2012,activitylist_.prefs,0.000000
905,2012,activitylist_.launchactivity,0.000000
906,2012,activitylist_.activity.settingactivity,0.000000
907,2012,activitylist_com.scoreloop.android.coreui.highscoresactivity,0.000000
908,2012,activitylist_com.scoreloop.android.coreui.profileactivity,0.000000
909,2012,activitylist_about,0.000000
910,2012,activitylist_.optionsactivity,0.000000
911,2012,activitylist_.introactivity,0.000000
912,2012,activitylist_.infoactivity,0.000000
913,2012,activitylist_historyactivity,0.000000
914,2012,activitylist_.info,0.000000
915,2012,hardwarecomponentslist_android.hardware.sensor.compass,0.000000
916,2012,hardwarecomponentslist_android.hardware.sensor.accelerometer,0.000000
917,2012,activitylist_.welcomeactivity,0.000000
918,2012,activitylist_searchactivity,0.000000
919,2012,intentfilterlist_android.intent.action.set_wallpaper,0.000000
920,2012,activitylist_settingactivity,0.000000
921,2012,activitylist_loginactivity,0.000000
922,2012,restrictedapilist_android.media.ringtone.stop,0.000000
923,2012,restrictedapilist_android.media.ringtonemanager.setactualdefaultringtoneuri,0.000000
924,2012,activitylist_.bookmarkactivity,0.000000
925,2012,activitylist_.historyactivity,0.000000
926,2012,activitylist_.contentactivity,0.000000
927,2012,activitylist_.homepage,0.000000
928,2012,activitylist_com.droidhen.api.promptclient.prompt.recommendactivity,0.000000
929,2012,activitylist_com.droidhen.api.promptclient.more.moreactivity,0.000000
930,2012,activitylist_.menu,0.000000
931,2012,activitylist_preferences,0.000000
932,2012,activitylist_.myactivity,0.000000
933,2012,requestedpermissionlist_android.permission.location,0.000000
934,2012,intentfilterlist_android.bluetooth.adapter.action.state_changed,0.000000
935,2012,intentfilterlist_com.google.zxing.client.android.scan,0.000000
936,2012,activitylist_com.google.zxing.client.android.helpactivity,0.000000
937,2012,intentfilterlist_com.android.notepad.action.edit_note,0.000000
938,2012,activitylist_.activities.mainactivity,0.000000
939,2012,activitylist_com.unity3d.player.unityplayernativeactivity,0.000000
940,2012,usedpermissionslist_android.permission.change_network_state,0.000000
941,2012,restrictedapilist_android.net.connectivitymanager.stopusingnetworkfeature,0.000000
942,2012,activitylist_.activities.searchactivity,0.000000
943,2012,servicelist_mywallpaperservice,0.000000
944,2012,broadcastreceiverlist_.billing.billingreceiver,0.000000
945,2012,activitylist_home,0.000000
946,2012,activitylist_.wallpapersettings,0.000000
947,2012,activitylist_.ui.appsscreen,0.000000
948,2012,broadcastreceiverlist_com.google.ads.installreceiver,0.000000
949,2012,activitylist_howtoactivity,0.000000
950,2012,activitylist_.more,0.000000
951,2012,intentfilterlist_com.jiubang.goscreenlock.theme,0.000000
952,2012,urldomainlist_219.136.248.93,0.000000
953,2012,restrictedapilist_android.accounts.accountmanager.blockinggetauthtoken,0.000000
954,2012,intentfilterlist_android.net.conn.background_data_setting_changed,0.000000
955,2012,activitylist_.ui.searchactivity,0.000000
956,2012,activitylist_.bt_screen_menubuttons,0.000000
957,2012,activitylist_.bt_screen_customhtml,0.000000
958,2012,activitylist_bt_activity_root,0.000000
959,2012,activitylist_.bt_activity_root_tabs,0.000000
960,2012,activitylist_.bt_activity_base,0.000000
961,2012,activitylist_.bt_screen_splash,0.000000
962,2012,activitylist_.bt_screen_settingslocation,0.000000
963,2012,activitylist_com.zong.android.engine.web.zongwebview,0.000000
964,2012,activitylist_splashscreen,0.000000
965,2012,activitylist_.app,0.000000
966,2012,activitylist_.mainmenu,0.000000
967,2012,activitylist_com.doodlemobile.gamecenter.leaderboardactivity,0.000000
968,2012,activitylist_com.doodlemobile.gamecenter.profileactivity,0.000000
969,2012,activitylist_com.doodlemobile.gamecenter.moregamesactivity,0.000000
970,2012,activitylist_com.flurry.android.catalogactivity,0.000000
971,2012,activitylist_.videoactivity,0.000000
972,2012,activitylist_homeactivity,0.000000
973,2012,activitylist_.mainpage,0.000000
974,2012,requestedpermissionlist_android.permission.raised_thread_priority,0.000000
975,2012,activitylist_.categorylistactivity,0.000000
976,2012,usedpermissionslist_android.permission.set_wallpaper_hints,0.000000
977,2012,servicelist_net.robotmedia.billing.billingservice,0.000000
978,2012,broadcastreceiverlist_net.robotmedia.billing.billingreceiver,0.000000
979,2012,intentfilterlist_com.jb.mms.theme.others,0.000000
980,2012,activitylist_.gosmsinstalldialog,0.000000
981,2012,activitylist_.webactivity,0.000000
982,2012,activitylist_.bookmarks,0.000000
983,2012,servicelist_.livewallpaperservice,0.000000
984,2012,activitylist_org.apache.cordova.droidgap,0.000000
985,2012,activitylist_.activities.contactactivity,0.000000
986,2012,activitylist_.contactactivity,0.000000
987,2012,activitylist_.facebookactivity,0.000000
988,2012,activitylist_.aboutusactivity,0.000000
989,2012,activitylist_.splashscreenactivity,0.000000
990,2012,activitylist_com.millennialmedia.android.mmactivity,0.000000
991,2012,activitylist_.maintabactivity,0.000000
992,2012,activitylist_.launcher,0.000000
993,2012,activitylist_com.tapjoy.tjcvirtualgoods,0.000000
994,2012,restrictedapilist_android.hardware.camera.open,0.000000
995,2012,activitylist_.configactivity,0.000000
996,2012,activitylist_.choosecontactactivity,0.000000
997,2012,activitylist_.captureactivity,0.000000
998,2012,servicelist_.wallpaper,0.000000
999,2012,servicelist_.gcmintentservice,0.000000
1000,2012,intentfilterlist_android.intent.action.call,0.000000
1001,2012,activitylist_.ui.mainactivity,0.000000
1002,2012,activitylist_.ui.settingsactivity,0.000000
1003,2012,activitylist_.browseractivity,0.000000
1004,2012,activitylist_.feedbackactivity,0.000000
1005,2012,servicelist_.service.downloadservice,0.000000
1006,2012,activitylist_.prefsactivity,0.000000
1007,2012,activitylist_.contact,0.000000
1008,2012,activitylist_.dashboard,0.000000
1009,2012,hardwarecomponentslist_android.hardware.touchscreen.multitouch.distinct,0.000000
1010,2012,activitylist_.shareactivity,0.000000
1011,2012,intentfilterlist_android.media.ringer_mode_changed,0.000000
1012,2012,activitylist_info,0.000000
1013,2012,activitylist_.gridactivity,0.000000
1014,2012,requestedpermissionlist_android.permission.write_internal_storage,0.000000
1015,2012,intentfilterlist_android.intent.action.external_applications_available,0.000000
1016,2012,intentfilterlist_com.gau.go.launcherex.gowidget,0.000000
1017,2012,activitylist_twitteractivity,0.000000
1018,2012,activitylist_.editpreferences,0.000000
1019,2012,activitylist_com.mobisystems.msdict.viewer.launchactivity,0.000000
1020,2012,activitylist_com.mobisystems.msdict.viewer.listactivity,0.000000
1021,2012,activitylist_com.mobisystems.msdict.viewer.settingsactivity,0.000000
1022,2012,activitylist_com.mobisystems.msdict.viewer.toclistactivity,0.000000
1023,2012,activitylist_.aboutus,0.000000
1024,2012,activitylist_.activities.menuactivity,0.000000
1025,2012,broadcastreceiverlist_com.fiksu.asotracking.installtracking,0.000000
1026,2012,hardwarecomponentslist_android.hardware.nfc,0.000000
1027,2012,intentfilterlist_com.flurry.android.action_catalog,0.000000
1028,2012,activitylist_.newsactivity,0.000000
1029,2012,activitylist_.options,0.000000
1030,2012,hardwarecomponentslist_android.hardware.faketouch,0.000000
1031,2012,restrictedapilist_android.location.locationmanager.addtestprovider,0.000000
1032,2012,intentfilterlist_android.appwidget.action.appwidget_deleted,0.000000
1033,2012,restrictedapilist_android.net.wifi.wifimanager.getconfigurednetworks,0.000000
1034,2012,activitylist_com.appmk.magazine.main.magazineactivity,0.000000
1035,2012,requestedpermissionlist_com.google.android.googleapps.permission.google_auth,0.000000
1036,2012,activitylist_.template,0.000000
1037,2012,usedpermissionslist_android.permission.nfc,0.000000
1038,2012,servicelist_com.crittercism.service.crittercismservice,0.000000
1039,2012,broadcastreceiverlist_com.crittercism.service.breceiver,0.000000
1040,2012,intentfilterlist_com.crittercism.service.crittercismservice,0.000000
1041,2012,activitylist_com.crittercism.feedbackcreateactivity,0.000000
1042,2012,activitylist_com.crittercism.feedbackactivity,0.000000
1043,2012,activitylist_com.crittercism.notificationactivity,0.000000
1044,2012,activitylist_com.crittercism.feedbackdetailsactivity,0.000000
1045,2012,broadcastreceiverlist_com.jb.startservice.bootupreceiver,0.000000
1046,2012,activitylist_com.appmk.book.main.cover,0.000000
1047,2012,activitylist_com.appmk.book.main.config,0.000000
1048,2012,activitylist_com.appmk.book.main.flipbookactivity,0.000000
1049,2012,activitylist_com.appmk.book.main.catalog,0.000000
1050,2012,activitylist_.goscreenlockinstalldialog,0.000000
1051,2012,activitylist_.launcheractivity,0.000000
1052,2012,hardwarecomponentslist_android.hardware.camera.front,0.000000
1053,2012,activitylist_com.dropbox.client2.android.authactivity,0.000000
1054,2012,activitylist_.ui.homeactivity,0.000000
1055,2012,activitylist_facebookactivity,0.000000
1056,2012,activitylist_.localimg,0.000000
1057,2012,activitylist_.moreimg,0.000000
1058,2012,activitylist_.webmoreimg,0.000000
1059,2012,activitylist_.mylibrary,0.000000
1060,2012,activitylist_.result,0.000000
1061,2012,activitylist_.webview,0.000000
1062,2012,intentfilterlist_android.media.action.image_capture,0.000000
1063,2012,activitylist_.activities.loginactivity,0.000000
1064,2012,restrictedapilist_android.inputmethodservice.keyboardview.onlongpress,0.000000
1065,2012,activitylist_.imageviewactivity,0.000000
1066,2012,intentfilterlist_android.intent.action.camera_button,0.000000
1067,2012,activitylist_.startscreen,0.000000
1068,2012,activitylist_.activities.eventsactivity,0.000000
1069,2012,activitylist_.activities.webviewactivity,0.000000
1070,2012,servicelist_.billingservice,0.000000
1071,2012,broadcastreceiverlist_.billingreceiver,0.000000
1072,2012,urldomainlist_10.0.1.4,0.000000
1073,2012,broadcastreceiverlist_com.prime31.billing.billingreceiver,0.000000
1074,2012,restrictedapilist_android.bluetooth.bluetoothadapter.listenusingrfcommwithservicerecord,0.000000
1075,2012,activitylist_com.codecarpet.fbconnect.fbloginactivity,0.000000
1076,2012,activitylist_.news.articleviewactivity,0.000000
1077,2012,activitylist_.localnewsactivity,0.000000
1078,2012,activitylist_.photoshare.photoshareactivity,0.000000
1079,2012,activitylist_.link.linkviewactivity,0.000000
1080,2012,activitylist_.weather.radarviewactivity,0.000000
1081,2012,activitylist_.kickapps.mediabrowser,0.000000
1082,2012,activitylist_.weather.fivedayforecastactivity,0.000000
1083,2012,activitylist_.photoshare.uploadactivity,0.000000
1084,2012,activitylist_.photoshare.mediabrowseractivity,0.000000
1085,2012,activitylist_.settings.selectcityviewactivity,0.000000
1086,2012,activitylist_.slideshow.slideshowactivity,0.000000
1087,2012,intentfilterlist_android.intent.action.headset_plug,0.000000
1088,2012,activitylist_.mainluck,0.000000
1089,2012,activitylist_.thxwebgod,0.000000
1090,2012,activitylist_.keys,0.000000
1091,2012,activitylist_.duoduowebview,0.000000
1092,2012,activitylist_.firstlove,0.000000
1093,2012,activitylist_.fishwater,0.000000
1094,2012,activitylist_.game.main,0.000000
1095,2012,activitylist_.activities.formsactivity,0.000000
1096,2012,activitylist_.activities.mediacoverflowactivity,0.000000
1097,2012,activitylist_.activities.interstitialactivity,0.000000
1098,2012,activitylist_.activities.couponactivity,0.000000
1099,2012,activitylist_.activities.mediagridactivity,0.000000
1100,2012,activitylist_.activities.medialistactivity,0.000000
1101,2012,activitylist_.activities.eventslistactivity,0.000000
1102,2012,activitylist_.activities.photogalleryfullactivity,0.000000
1103,2012,activitylist_.appidactivity,0.000000
1104,2012,activitylist_.activities.rssactivity,0.000000
1105,2012,activitylist_.activities.sociallinksactivity,0.000000
1106,2012,activitylist_.activities.usernotificationsactivity,0.000000
1107,2012,activitylist_.activities.discographyactivity,0.000000
1108,2012,activitylist_.activities.photocoverflowactivity,0.000000
1109,2012,activitylist_.activities.rssactivity2,0.000000
1110,2012,activitylist_.activities.media2columnactivity,0.000000
1111,2012,activitylist_.activities.menuitemfullactivity,0.000000
1112,2012,activitylist_.activities.calendaractivity,0.000000
1113,2012,activitylist_.activities.mediafullscreenactivity,0.000000
1114,2012,activitylist_.activities.userappsactivity,0.000000
1115,2012,activitylist_com.appmk.magazine.main.coveractivity,0.000000
1116,2012,activitylist_com.appmk.magazine.main.searchactivity,0.000000
1117,2012,requestedpermissionlist_android.permission.access_course_location,0.000000
1118,2012,activitylist_.devicelistactivity,0.000000
1119,2012,activitylist_.loading,0.000000
1120,2012,activitylist_.principal,0.000000
1121,2012,activitylist_infoactivity,0.000000
1122,2012,activitylist_mainmenu,0.000000
1123,2012,activitylist_.mypreferenceactivity,0.000000
1124,2012,activitylist_.homescreen,0.000000
1125,2012,broadcastreceiverlist_.feedsyncreceiver,0.000000
1126,2012,activitylist_.showdescription,0.000000
1127,2012,activitylist_.feedlist,0.000000
1128,2012,activitylist_com.crossfield.title.titleactivity,0.000000
1129,2012,activitylist_com.crossfield.more.moreactivity,0.000000
1130,2012,intentfilterlist_org.adw.launcher.icons.action_pick_icon,0.000000
1131,2012,activitylist_ti.modules.titanium.map.timapactivity,0.000000
1132,2012,activitylist_.activities.notificationsactivity,0.000000
1133,2012,urldomainlist_192.168.1.100,0.000000
1134,2012,intentfilterlist_com.gau.go.launcherex.theme.gowidget,0.000000
1135,2012,servicelist_com.biznessapps.api.messagesservice,0.000000
1136,2012,intentfilterlist_android.intent.action.push_notification_new_data,0.000000
1137,2012,activitylist_com.biznessapps.layout.views.mainview,0.000000
1138,2012,activitylist_com.socialize.ui.comment.commentactivity,0.000000
1139,2012,activitylist_com.socialize.ui.comment.commentdetailactivity,0.000000
1140,2012,activitylist_com.socialize.ui.profile.profileactivity,0.000000
1141,2012,activitylist_com.socialize.auth.facebook.facebookactivity,0.000000
1142,2012,urldomainlist_192.168.1.110,0.000000
1143,2012,broadcastreceiverlist_com.ansca.corona.purchasing.googlestorebroadcastreceiver,0.000000
1144,2012,activitylist_.embedded.callplugin.callplugin,0.000000
1145,2012,activitylist_drawdialog,0.000000
1146,2012,activitylist_openlivewallpaperlist,0.000000
1147,2012,activitylist_com.skyd.bestpuzzle.share,0.000000
1148,2012,activitylist_com.skyd.bestpuzzle.getfullversion,0.000000
1149,2012,activitylist_com.skyd.bestpuzzle.about,0.000000
1150,2012,activitylist_com.skyd.bestpuzzle.moreapps,0.000000
1151,2012,activitylist_com.skyd.bestpuzzle.main,0.000000
1152,2012,servicelist_.embedded.mediaplugin.backgroundmusicservice,0.000000
1153,2012,activitylist_.embedded.youtuberssplugin.youtuberssdesription,0.000000
1154,2012,activitylist_.embedded.youtuberssplugin.youtuberssplugin,0.000000
1155,2012,activitylist_.embedded.mediaplugin.audioplayer,0.000000
1156,2012,activitylist_.embedded.mapplugin.maproute,0.000000
1157,2012,urldomainlist_192.168.1.137,0.000000
1158,2012,activitylist_cordovaexample,0.000000
1159,2012,activitylist_com.biznessapps.activities.contactsmapactivity,0.000000
1,2014,requestedpermissionlist_android.permission.read_phone_state,0.078150
2,2014,usedpermissionslist_android.permission.read_phone_state,0.068230
3,2014,requestedpermissionlist_android.permission.send_sms,0.043946
4,2014,requestedpermissionlist_android.permission.access_wifi_state,0.042207
5,2014,requestedpermissionlist_android.permission.get_tasks,0.039861
6,2014,suspiciousapilist_landroid/telephony/telephonymanager.getsubscriberid,0.037510
7,2014,requestedpermissionlist_com.android.launcher.permission.install_shortcut,0.036239
8,2014,suspiciousapilist_landroid/telephony/telephonymanager.getdeviceid,0.031792
9,2014,requestedpermissionlist_android.permission.receive_boot_completed,0.030278
10,2014,intentfilterlist_android.intent.action.boot_completed,0.028223
11,2014,usedpermissionslist_android.permission.send_sms,0.026302
12,2014,intentfilterlist_android.intent.action.user_present,0.024522
13,2014,requestedpermissionlist_android.permission.system_alert_window,0.024433
14,2014,usedpermissionslist_android.permission.access_wifi_state,0.021772
15,2014,requestedpermissionlist_android.permission.receive_sms,0.021423
16,2014,intentfilterlist_android.intent.action.package_added,0.019672
17,2014,suspiciousapilist_landroid/telephony/smsmanager.sendtextmessage,0.019539
18,2014,intentfilterlist_android.net.conn.connectivity_change,0.015769
19,2014,requestedpermissionlist_android.permission.read_sms,0.015047
20,2014,usedpermissionslist_android.permission.get_tasks,0.014171
21,2014,intentfilterlist_android.provider.telephony.sms_received,0.012478
22,2014,suspiciousapilist_ljava/lang/runtime;->exec,0.012405
23,2014,requestedpermissionlist_android.permission.access_coarse_location,0.012149
24,2014,requestedpermissionlist_android.permission.write_external_storage,0.011390
25,2014,requestedpermissionlist_android.permission.mount_unmount_filesystems,0.010686
26,2014,suspiciousapilist_landroid/support/v4/app/fragmentactivity.getsystemservice,0.009815
27,2014,requestedpermissionlist_com.android.browser.permission.read_history_bookmarks,0.008838
28,2014,intentfilterlist_com.google.android.c2dm.intent.receive,0.008743
29,2014,requestedpermissionlist_com.google.android.c2dm.permission.receive,0.008505
30,2014,requestedpermissionlist_android.permission.change_wifi_state,0.007771
31,2014,intentfilterlist_android.intent.action.package_removed,0.007572
32,2014,intentfilterlist_com.google.android.c2dm.intent.registration,0.006656
33,2014,requestedpermissionlist_com.android.launcher.permission.uninstall_shortcut,0.006643
34,2014,requestedpermissionlist_android.permission.write_sms,0.006450
35,2014,requestedpermissionlist_android.permission.write_settings,0.006258
36,2014,requestedpermissionlist_android.permission.restart_packages,0.005477
37,2014,suspiciousapilist_lorg/apache/http/client/methods/httppost,0.005331
38,2014,requestedpermissionlist_android.permission.access_assisted_gps,0.005266
39,2014,suspiciousapilist_landroid/telephony/smsmessage;->getmessagebody,0.005197
40,2014,restrictedapilist_android.telephony.telephonymanager.getdeviceid,0.004997
41,2014,requestedpermissionlist_android.permission.access_location,0.004859
42,2014,activitylist_.main,0.004832
43,2014,restrictedapilist_android.widget.videoview.setvideopath,0.004575
44,2014,requestedpermissionlist_android.permission.change_network_state,0.004472
45,2014,requestedpermissionlist_android.permission.access_fine_location,0.004439
46,2014,requestedpermissionlist_android.permission.access_gps,0.004288
47,2014,hardwarecomponentslist_android.hardware.wifi,0.004253
48,2014,usedpermissionslist_android.permission.access_fine_location,0.004203
49,2014,restrictedapilist_android.widget.videoview.pause,0.004150
50,2014,usedpermissionslist_android.permission.internet,0.004148
51,2014,restrictedapilist_android.support.v4.view.accessibility.accessibilitynodeprovidercompat.performaction,0.004041
52,2014,restrictedapilist_android.accounts.accountmanager.invalidateauthtoken,0.003892
53,2014,restrictedapilist_android.widget.videoview.start,0.003755
54,2014,restrictedapilist_android.widget.videoview.stopplayback,0.003631
55,2014,requestedpermissionlist_android.permission.read_logs,0.003608
56,2014,restrictedapilist_android.support.v4.view.accessibility.accessibilitynodeprovidercompatjellybean$accessibilitynodeinfobridge.performaction,0.003328
57,2014,suspiciousapilist_ljava/io/ioexception;->printstacktrace,0.003303
58,2014,hardwarecomponentslist_android.hardware.location.network,0.003019
59,2014,restrictedapilist_android.os.powermanager$wakelock.acquire,0.002930
60,2014,hardwarecomponentslist_android.hardware.location.gps,0.002912
61,2014,hardwarecomponentslist_android.hardware.telephony,0.002843
62,2014,hardwarecomponentslist_android.hardware.camera,0.002710
63,2014,hardwarecomponentslist_android.hardware.location,0.002687
64,2014,restrictedapilist_android.os.powermanager$wakelock.release,0.002532
65,2014,requestedpermissionlist_android.permission.get_accounts,0.002516
66,2014,requestedpermissionlist_com.android.launcher.permission.read_settings,0.002513
67,2014,requestedpermissionlist_android.permission.wake_lock,0.002480
68,2014,usedpermissionslist_android.permission.get_accounts,0.002343
69,2014,requestedpermissionlist_android.permission.call_phone,0.002264
70,2014,requestedpermissionlist_android.permission.camera,0.002091
71,2014,broadcastreceiverlist_com.google.android.gcm.gcmbroadcastreceiver,0.002081
72,2014,requestedpermissionlist_android.permission.access_network_state,0.001976
73,2014,servicelist_.gcmintentservice,0.001808
74,2014,hardwarecomponentslist_android.hardware.camera.autofocus,0.001748
75,2014,hardwarecomponentslist_android.hardware.touchscreen,0.001705
76,2014,restrictedapilist_android.widget.videoview.setvideouri,0.001695
77,2014,requestedpermissionlist_android.permission.process_outgoing_calls,0.001609
78,2014,requestedpermissionlist_android.permission.change_configuration,0.001604
79,2014,requestedpermissionlist_android.permission.vibrate,0.001492
80,2014,intentfilterlist_android.intent.action.create_shortcut,0.001479
81,2014,requestedpermissionlist_android.permission.write_apn_settings,0.001474
82,2014,restrictedapilist_android.net.wifi.wifimanager.iswifienabled,0.001413
83,2014,usedpermissionslist_android.permission.wake_lock,0.001375
84,2014,usedpermissionslist_android.permission.change_wifi_state,0.001277
85,2014,suspiciousapilist_landroid/app/activity.getsystemservice,0.001229
86,2014,usedpermissionslist_android.permission.vibrate,0.001194
87,2014,requestedpermissionlist_android.permission.modify_phone_state,0.001190
88,2014,requestedpermissionlist_android.permission.use_credentials,0.001170
89,2014,suspiciousapilist_system/bin/su,0.001167
90,2014,requestedpermissionlist_android.permission.set_wallpaper,0.001161
91,2014,usedpermissionslist_android.permission.write_settings,0.001137
92,2014,restrictedapilist_android.accounts.accountmanager.getaccountsbytype,0.001093
93,2014,restrictedapilist_android.media.mediaplayer.stop,0.001091
94,2014,suspiciousapilist_landroid/telephony/gsm/smsmanager.sendtextmessage,0.001050
95,2014,intentfilterlist_android.net.wifi.wifi_state_changed,0.001045
96,2014,activitylist_com.google.ads.adactivity,0.001040
97,2014,hardwarecomponentslist_android.hardware.screen.landscape,0.001008
98,2014,activitylist_com.mobclix.android.sdk.mobclixbrowseractivity,0.000929
99,2014,intentfilterlist_android.intent.action.phone_state,0.000881
100,2014,restrictedapilist_android.net.wifi.wifimanager.getconnectioninfo,0.000874
101,2014,restrictedapilist_android.net.connectivitymanager.isactivenetworkmetered,0.000869
102,2014,restrictedapilist_android.app.notificationmanager.notify,0.000861
103,2014,activitylist_com.biznessapps.layout.maincontroller,0.000855
104,2014,broadcastreceiverlist_com.google.android.apps.analytics.analyticsreceiver,0.000846
105,2014,broadcastreceiverlist_com.biznessapps.pushnotifications.c2dmregistrationreceiver,0.000827
106,2014,restrictedapilist_android.net.connectivitymanager.getactivenetworkinfo,0.000786
107,2014,restrictedapilist_android.media.mediarecorder.setaudiosource,0.000782
108,2014,intentfilterlist_android.intent.action.new_outgoing_call,0.000782
109,2014,restrictedapilist_android.media.mediaplayer.release,0.000777
110,2014,servicelist_com.biznessapps.player.playerservice,0.000777
111,2014,usedpermissionslist_android.permission.access_network_state,0.000775
112,2014,intentfilterlist_android.intent.action.action_shutdown,0.000751
113,2014,broadcastreceiverlist_com.biznessapps.pushnotifications.c2dmmessagesreceiver,0.000731
114,2014,requestedpermissionlist_android.permission.internet,0.000712
115,2014,requestedpermissionlist_android.permission.install_packages,0.000709
116,2014,requestedpermissionlist_android.permission.read_contacts,0.000705
117,2014,suspiciousapilist_landroid/content/pm/packagemanager.getpackageinfo,0.000698
118,2014,restrictedapilist_android.media.ringtone.stop,0.000687
119,2014,suspiciousapilist_landroid/content/context.getsystemservice,0.000683
120,2014,restrictedapilist_android.support.v4.net.connectivitymanagercompat$connectivitymanagercompatimpl.isactivenetworkmetered,0.000674
121,2014,requestedpermissionlist_com.android.vending.billing,0.000650
122,2014,requestedpermissionlist_android.permission.disable_keyguard,0.000648
123,2014,restrictedapilist_android.support.v4.net.connectivitymanagercompatgingerbread.isactivenetworkmetered,0.000641
124,2014,restrictedapilist_android.media.ringtone.play,0.000620
125,2014,hardwarecomponentslist_android.hardware.microphone,0.000610
126,2014,restrictedapilist_android.media.audiomanager.setspeakerphoneon,0.000603
127,2014,restrictedapilist_android.support.v4.net.connectivitymanagercompatjellybean.isactivenetworkmetered,0.000603
128,2014,intentfilterlist_android.app.action.device_admin_enabled,0.000595
129,2014,requestedpermissionlist_android.permission.write_secure_settings,0.000540
130,2014,restrictedapilist_android.support.v4.net.connectivitymanagercompathoneycombmr2.isactivenetworkmetered,0.000528
131,2014,usedpermissionslist_android.permission.camera,0.000505
132,2014,restrictedapilist_android.telephony.telephonymanager.getcelllocation,0.000497
133,2014,restrictedapilist_android.media.mediaplayer.start,0.000495
134,2014,usedpermissionslist_android.permission.record_audio,0.000493
135,2014,restrictedapilist_android.media.audiorecord.<init>,0.000485
136,2014,restrictedapilist_android.net.connectivitymanager.getnetworkinfo,0.000465
137,2014,restrictedapilist_android.media.ringtonemanager.getringtone,0.000462
138,2014,intentfilterlist_android.net.wifi.state_change,0.000452
139,2014,activitylist_cn.domob.android.ads.domobactivity,0.000451
140,2014,suspiciousapilist_landroid/telephony/telephonymanager.getsimcountryiso,0.000448
141,2014,restrictedapilist_android.os.vibrator.vibrate,0.000445
142,2014,requestedpermissionlist_android.permission.receive_wap_push,0.000439
143,2014,urldomainlist_10.0.0.172,0.000426
144,2014,restrictedapilist_android.media.mediaplayer.pause,0.000425
145,2014,intentfilterlist_android.intent.action.action_power_connected,0.000423
146,2014,suspiciousapilist_landroid/net/wifi/wifimanager.getwifistate,0.000422
147,2014,servicelist_com.urbanairship.push.pushservice,0.000401
148,2014,restrictedapilist_android.location.locationmanager.getbestprovider,0.000401
149,2014,restrictedapilist_android.location.locationmanager.getproviders,0.000394
150,2014,restrictedapilist_android.media.mediaplayer.reset,0.000387
151,2014,intentfilterlist_android.intent.action.battery_changed,0.000386
152,2014,requestedpermissionlist_android.permission.update_device_stats,0.000378
153,2014,activitylist_.videoactivity,0.000376
154,2014,activitylist_com.millennialmedia.android.mmactivity,0.000364
155,2014,requestedpermissionlist_android.permission.record_audio,0.000359
156,2014,usedpermissionslist_android.permission.write_external_storage,0.000356
157,2014,requestedpermissionlist_android.permission.kill_background_processes,0.000336
158,2014,restrictedapilist_android.app.activitymanager.getrunningtasks,0.000328
159,2014,restrictedapilist_android.accounts.accountmanager.getauthtoken,0.000320
160,2014,requestedpermissionlist_android.permission.delete_packages,0.000304
161,2014,broadcastreceiverlist_com.urbanairship.corereceiver,0.000284
162,2014,hardwarecomponentslist_android.hardware.screen.portrait,0.000284
163,2014,intentfilterlist_com.android.vending.install_referrer,0.000280
164,2014,hardwarecomponentslist_android.hardware.bluetooth,0.000280
165,2014,requestedpermissionlist_android.permission.receive_mms,0.000273
166,2014,suspiciousapilist_landroid/app/application.getsystemservice,0.000271
167,2014,activitylist_ti.modules.titanium.ui.android.tipreferencesactivity,0.000270
168,2014,restrictedapilist_android.app.wallpapermanager.setbitmap,0.000269
169,2014,urldomainlist_75.101.249.15,0.000266
170,2014,restrictedapilist_android.net.wifi.wifimanager$wifilock.acquire,0.000255
171,2014,usedpermissionslist_android.permission.broadcast_sticky,0.000251
172,2014,activitylist_org.appcelerator.titanium.titranslucentactivity,0.000242
173,2014,restrictedapilist_android.location.locationmanager.requestlocationupdates,0.000241
174,2014,suspiciousapilist_landroid/net/wifi/wifimanager.setwifienabled,0.000238
175,2014,usedpermissionslist_android.permission.read_contacts,0.000236
176,2014,restrictedapilist_android.net.wifi.wifimanager$wifilock.release,0.000236
177,2014,intentfilterlist_android.intent.action.media_button,0.000230
178,2014,restrictedapilist_android.net.wifi.wifimanager.setwifienabled,0.000225
179,2014,intentfilterlist_android.appwidget.action.appwidget_update,0.000224
180,2014,intentfilterlist_android.intent.action.view,0.000223
181,2014,intentfilterlist_android.intent.action.search,0.000211
182,2014,activitylist_com.millennialmedia.android.videoplayer,0.000210
183,2014,broadcastreceiverlist_.smsreceiver,0.000209
184,2014,activitylist_net.youmi.android.adactivity,0.000208
185,2014,restrictedapilist_android.location.locationmanager.getlastknownlocation,0.000206
186,2014,intentfilterlist_android.appwidget.action.appwidget_configure,0.000206
187,2014,suspiciousapilist_landroid/view/keyevent.getdeviceid,0.000206
188,2014,requestedpermissionlist_android.permission.read_external_storage,0.000202
189,2014,intentfilterlist_android.bluetooth.adapter.action.state_changed,0.000196
190,2014,requestedpermissionlist_android.permission.get_package_size,0.000194
191,2014,activitylist_org.appcelerator.titanium.tiactivity,0.000192
192,2014,restrictedapilist_android.location.locationmanager.isproviderenabled,0.000190
193,2014,intentfilterlist_android.intent.action.data_sms_received,0.000189
194,2014,restrictedapilist_android.net.wifi.wifimanager.startscan,0.000189
195,2014,urldomainlist_10.0.2.2,0.000187
196,2014,activitylist_com.paypal.android.mep.paypalactivity,0.000182
197,2014,requestedpermissionlist_android.permission.access_mock_location,0.000179
198,2014,activitylist_.andromodashboardactivity,0.000175
199,2014,activitylist_.appentry,0.000173
200,2014,intentfilterlist_android.intent.action.service_state,0.000169
201,2014,restrictedapilist_android.telephony.telephonymanager.getsubscriberid,0.000168
202,2014,requestedpermissionlist_android.permission.read_settings,0.000162
203,2014,intentfilterlist_com.android.notepad.action.edit_note,0.000162
204,2014,requestedpermissionlist_android.permission.write_calendar,0.000162
205,2014,intentfilterlist_android.intent.action.media_unmounted,0.000161
206,2014,servicelist_org.appcelerator.titanium.analytics.tianalyticsservice,0.000161
207,2014,restrictedapilist_android.telephony.telephonymanager.getline1number,0.000157
208,2014,intentfilterlist_android.intent.action.airplane_mode,0.000155
209,2014,intentfilterlist_android.intent.action.screen_on,0.000151
210,2014,intentfilterlist_android.intent.action.media_eject,0.000151
211,2014,requestedpermissionlist_android.permission.access_location_extra_commands,0.000147
212,2014,requestedpermissionlist_android.permission.write_contacts,0.000141
213,2014,requestedpermissionlist_android.permission.flashlight,0.000141
214,2014,intentfilterlist_com.android.vending.billing.response_code,0.000135
215,2014,requestedpermissionlist_android.permission.read_calendar,0.000130
216,2014,intentfilterlist_android.intent.action.headset_plug,0.000127
217,2014,requestedpermissionlist_android.permission.battery_stats,0.000122
218,2014,activitylist_com.appmk.book.main.flipbookactivity,0.000119
219,2014,intentfilterlist_android.provider.telephony.wap_push_received,0.000119
220,2014,restrictedapilist_android.telephony.telephonymanager.getsimserialnumber,0.000118
221,2014,restrictedapilist_android.net.wifi.wifimanager.removenetwork,0.000116
222,2014,activitylist_com.inmobi.androidsdk.imbrowseractivity,0.000115
223,2014,activitylist_com.google.zxing.client.android.captureactivity,0.000112
224,2014,intentfilterlist_android.intent.action.media_removed,0.000111
225,2014,intentfilterlist_com.android.vending.billing.purchase_state_changed,0.000110
226,2014,servicelist_com.airpush.android.pushservice,0.000110
227,2014,restrictedapilist_android.accounts.accountmanager.getaccounts,0.000109
228,2014,restrictedapilist_android.net.wifi.wifimanager.saveconfiguration,0.000109
229,2014,broadcastreceiverlist_.onbootreceiver,0.000107
230,2014,intentfilterlist_android.intent.action.send,0.000107
231,2014,activitylist_com.appmk.book.main.catalog,0.000101
232,2014,requestedpermissionlist_com.android.browser.permission.write_history_bookmarks,0.000099
233,2014,restrictedapilist_android.net.wifi.wifimanager.getscanresults,0.000097
234,2014,activitylist_com.appmk.book.main.cover,0.000096
235,2014,intentfilterlist_android.service.wallpaper.wallpaperservice,0.000096
236,2014,intentfilterlist_com.android.vending.billing.in_app_notify,0.000092
237,2014,activitylist_com.mopub.mobileads.mopubactivity,0.000091
238,2014,broadcastreceiverlist_.checker,0.000087
239,2014,activitylist_com.appmk.book.main.config,0.000086
240,2014,activitylist_com.adwo.adsdk.adwoadbrowseractivity,0.000085
241,2014,broadcastreceiverlist_.notificator,0.000084
242,2014,restrictedapilist_android.location.locationmanager.getprovider,0.000083
243,2014,restrictedapilist_android.net.wifi.wifimanager.enablenetwork,0.000083
244,2014,activitylist_com.ansca.corona.videoactivity,0.000082
245,2014,activitylist_.activities.songsactivity,0.000078
246,2014,activitylist_.mainactivity,0.000077
247,2014,activitylist_.activities.splashactivity,0.000076
248,2014,broadcastreceiverlist_com.ansca.corona.purchasing.googlestorebroadcastreceiver,0.000076
249,2014,activitylist_.activities.settingsactivity,0.000073
250,2014,usedpermissionslist_android.permission.disable_keyguard,0.000072
251,2014,suspiciousapilist_landroid/view/motionevent.getdeviceid,0.000070
252,2014,intentfilterlist_android.media.audio_becoming_noisy,0.000070
253,2014,restrictedapilist_android.media.ringtonemanager.setactualdefaultringtoneuri,0.000069
254,2014,intentfilterlist_android.intent.action.action_power_disconnected,0.000069
255,2014,activitylist_com.ansca.corona.coronaactivity,0.000069
256,2014,requestedpermissionlist_android.permission.broadcast_sticky,0.000069
257,2014,intentfilterlist_android.intent.action.package_replaced,0.000069
258,2014,restrictedapilist_android.net.wifi.wifimanager.addnetwork,0.000067
259,2014,requestedpermissionlist_com.software.application.permission.c2d_message,0.000065
260,2014,usedpermissionslist_android.permission.restart_packages,0.000064
261,2014,suspiciousapilist_landroid/app/service.getsystemservice,0.000061
262,2014,activitylist_.activities.socialactivity,0.000061
263,2014,activitylist_.activities.browseractivity,0.000058
264,2014,usedpermissionslist_android.permission.set_wallpaper,0.000056
265,2014,broadcastreceiverlist_com.google.android.c2dm.c2dmbroadcastreceiver,0.000056
266,2014,activitylist_.activities.twitteractivity,0.000056
267,2014,activitylist_.activities.mailinglistactivity,0.000055
268,2014,activitylist_.activities.twitterdetailsactivity,0.000054
269,2014,activitylist_.activities.bandinfoactivity,0.000053
270,2014,activitylist_.activities.photogalleryactivity,0.000053
271,2014,requestedpermissionlist_com.android.launcher.permission.write_settings,0.000053
272,2014,intentfilterlist_android.intent.action.date_changed,0.000052
273,2014,activitylist_.activities.pastshowsactivity,0.000052
274,2014,activitylist_.activities.showsactivity,0.000052
275,2014,restrictedapilist_android.telephony.smsmanager.sendtextmessage,0.000051
276,2014,restrictedapilist_android.net.wifi.wifimanager.getconfigurednetworks,0.000050
277,2014,activitylist_.activities.filmstripactivity,0.000050
278,2014,broadcastreceiverlist_.componentcontrolreceiver,0.000050
279,2014,activitylist_.showlink,0.000050
280,2014,activitylist_.activities.aboutactivity,0.000049
281,2014,intentfilterlist_com.software.checker,0.000049
282,2014,activitylist_.activities.photosandvideosactivity,0.000049
283,2014,activitylist_.activities.twitterloginactivity,0.000049
284,2014,broadcastreceiverlist_com.google.ads.installreceiver,0.000049
285,2014,broadcastreceiverlist_com.airpush.android.deliveryreceiver,0.000049
286,2014,requestedpermissionlist_android.permission.bluetooth,0.000048
287,2014,activitylist_.offertactivity,0.000048
288,2014,activitylist_com.ansca.corona.cameraactivity,0.000048
289,2014,activitylist_.activities.notificationactivity,0.000048
290,2014,activitylist_.activities.notificationsactivity,0.000047
291,2014,servicelist_.services.reverbmusicservice,0.000047
292,2014,urldomainlist_192.168.1.110,0.000045
293,2014,activitylist_.activities.biographyactivity,0.000045
294,2014,suspiciousapilist_landroid/content/contextwrapper.getsystemservice,0.000044
295,2014,urldomainlist_192.168.2.1,0.000044
296,2014,broadcastreceiverlist_.services.reverbmusicservice$mediabuttonreceiver,0.000044
297,2014,activitylist_com.biznessapps.activities.twitterloginactivity,0.000043
298,2014,activitylist_.activities.upcomingshowsactivity,0.000043
299,2014,activitylist_net.hockeyapp.android.updateactivity,0.000042
300,2014,activitylist_.activities.mapshowsactivity,0.000042
301,2014,activitylist_.activities.showdetailsactivity,0.000042
302,2014,activitylist_.activities.sharingactivity,0.000041
303,2014,restrictedapilist_android.hardware.camera.open,0.000041
304,2014,activitylist_.activities.songdetailsactivity,0.000041
305,2014,activitylist_.activities.videosactivity,0.000041
306,2014,activitylist_com.feedback.ui.sendfeedback,0.000040
307,2014,broadcastreceiverlist_com.airpush.android.messagereceiver,0.000040
308,2014,activitylist_.activities.newsactivity,0.000040
309,2014,intentfilterlist_com.jiubang.intent.action.launcher_start,0.000039
310,2014,activitylist_.activities.blogpostactivity,0.000038
311,2014,intentfilterlist_android.intent.action.sig_str,0.000038
312,2014,requestedpermissionlist_android.permission.change_component_enabled_state,0.000038
313,2014,activitylist_com.feedback.ui.feedbackconversation,0.000037
314,2014,activitylist_.activities.homeactivity,0.000037
315,2014,usedpermissionslist_android.permission.bluetooth,0.000036
316,2014,intentfilterlist_com.gau.go.launcherex.action.inactive_apply_theme_flag,0.000035
317,2014,activitylist_.activities.blogactivity,0.000034
318,2014,intentfilterlist_android.intent.action.time_set,0.000034
319,2014,requestedpermissionlist_android.permission.record_video,0.000034
320,2014,activitylist_.notificationactivity,0.000034
321,2014,requestedpermissionlist_com.fede.launcher.permission.read_settings,0.000034
322,2014,activitylist_com.mopub.mobileads.mraidactivity,0.000033
323,2014,servicelist_.godownloadservice,0.000033
324,2014,activitylist_com.biznessapps.activities.choosetimeractivity,0.000032
325,2014,intentfilterlist_com.gau.go.launcherex.theme,0.000032
326,2014,activitylist_com.biznessapps.layout.views.loyalty.loyaltycardlistview,0.000032
327,2014,activitylist_.gpsnotification.gpslocationmap,0.000031
328,2014,activitylist_com.feedback.ui.feedbackconversations,0.000031
329,2014,urldomainlist_192.168.1.100,0.000031
330,2014,restrictedapilist_android.net.connectivitymanager.requestroutetohost,0.000031
331,2014,activitylist_com.airpush.android.pushads,0.000031
332,2014,requestedpermissionlist_android.permission.authenticate_accounts,0.000030
333,2014,restrictedapilist_android.telephony.telephonymanager.listen,0.000030
334,2014,activitylist_com.biznessapps.activities.carfinderactivity,0.000030
335,2014,broadcastreceiverlist_.themecontrolreceiver,0.000029
336,2014,hardwarecomponentslist_android.software.live_wallpaper,0.000029
337,2014,requestedpermissionlist_com.android.alarm.permission.set_alarm,0.000029
338,2014,requestedpermissionlist_android.permission.bluetooth_admin,0.000029
339,2014,activitylist_.activities.videodetailsactivity,0.000028
340,2014,requestedpermissionlist_android.permission.modify_audio_settings,0.000028
341,2014,activitylist_.activities.linksactivity,0.000028
342,2014,activitylist_com.biznessapps.activities.singlefragmentactivity,0.000027
343,2014,activitylist_com.adwo.adsdk.adwosplashadactivity,0.000027
344,2014,hardwarecomponentslist_android.hardware.camera.front,0.000026
345,2014,activitylist_com.biznessapps.activities.homescreenactivity,0.000026
346,2014,requestedpermissionlist_android.permission.clear_app_cache,0.000026
347,2014,broadcastreceiverlist_com.airpush.android.userdetailsreceiver,0.000026
348,2014,restrictedapilist_android.app.keyguardmanager$keyguardlock.reenablekeyguard,0.000026
349,2014,servicelist_.c2dmreceiver,0.000026
350,2014,restrictedapilist_android.app.keyguardmanager$keyguardlock.disablekeyguard,0.000025
351,2014,hardwarecomponentslist_android.hardware.camera.flash,0.000025
352,2014,activitylist_.appbuilder,0.000025
353,2014,intentfilterlist_android.intent.action.package_changed,0.000025
354,2014,requestedpermissionlist_android.permission.nfc,0.000025
355,2014,activitylist_com.biznessapps.activities.galleryactivity,0.000023
356,2014,restrictedapilist_android.telephony.telephonymanager.getneighboringcellinfo,0.000023
357,2014,activitylist_org.appcelerator.titanium.timodalactivity,0.000023
358,2014,activitylist_com.biznessapps.layout.views.map.locationview,0.000022
359,2014,activitylist_net.authorize.android.security.mobilemerchantauthactivity,0.000022
360,2014,activitylist_com.biznessapps.activities.aroundusactivity,0.000021
361,2014,activitylist_com.biznessapps.activities.gallerypreviewactivity,0.000021
362,2014,activitylist_.bt_activity_base,0.000021
363,2014,activitylist_com.biznessapps.layout.views.scanning.captureactivity,0.000021
364,2014,restrictedapilist_android.content.context.sendstickybroadcast,0.000021
365,2014,activitylist_net.authorize.android.aim.authcaptureactivity,0.000021
366,2014,intentfilterlist_android.intent.action.media_scanner_finished,0.000020
367,2014,activitylist_ti.modules.titanium.map.timapactivity,0.000020
368,2014,activitylist_com.adchina.android.ads.views.adbrowserview,0.000020
369,2014,requestedpermissionlist_com.android.vending.check_license,0.000019
370,2014,activitylist_com.biznessapps.activities.homeclassicscreenactivity,0.000019
371,2014,activitylist_com.tencent.mobwin.mobinwinbrowseractivity,0.000019
372,2014,intentfilterlist_com.google.zxing.client.android.scan,0.000019
373,2014,activitylist_com.biznessapps.activities.newfanwallactivity,0.000019
374,2014,activitylist_com.mobisage.android.mobisageactivity,0.000019
375,2014,requestedpermissionlist_android.permission.access_coarse_updates,0.000019
376,2014,activitylist_com.biznessapps.fragments.reservation.paymentintegratefragment,0.000019
377,2014,activitylist_com.appmk.magazine.main.searchactivity,0.000018
378,2014,intentfilterlist_android.intent.action.get_content,0.000018
379,2014,requestedpermissionlist_com.motorola.dlauncher.permission.install_shortcut,0.000018
380,2014,activitylist_.firstactivity,0.000018
381,2014,intentfilterlist_com.gau.go.launcherex.action.hide_theme_icon,0.000018
382,2014,restrictedapilist_android.net.wifi.wifimanager.disconnect,0.000018
383,2014,activitylist_bt_activity_root,0.000017
384,2014,activitylist_.classic,0.000017
385,2014,activitylist_net.authorize.android.security.loginbaseactivity,0.000017
386,2014,activitylist_.pushnotification.apppushnotification,0.000016
387,2014,activitylist_.moreactivity,0.000016
388,2014,activitylist_com.tapjoy.tjcofferswebview,0.000016
389,2014,requestedpermissionlist_android.permission.call_privileged,0.000016
390,2014,usedpermissionslist_android.permission.authenticate_accounts,0.000016
391,2014,servicelist_.gpsnotification.gpsservice,0.000016
392,2014,activitylist_com.biznessapps.activities.contactsmapactivity,0.000015
393,2014,activitylist_com.mobfox.sdk.inappwebview,0.000015
394,2014,activitylist_com.google.zxing.client.android.helpactivity,0.000015
395,2014,requestedpermissionlist_com.motorola.dlauncher.permission.read_settings,0.000015
396,2014,activitylist_.gpsnotification.gpslocationtext,0.000015
397,2014,activitylist_.bt_activity_root_tabs,0.000015
398,2014,servicelist_com.appbrain.appbrainservice,0.000015
399,2014,activitylist_com.appmk.magazine.main.coveractivity,0.000015
400,2014,activitylist_.bt_screen_customhtml,0.000015
401,2014,activitylist_com.kuguo.ad.mainactivity,0.000014
402,2014,intentfilterlist_com.google.zxing.client.android.search_book_contents,0.000014
403,2014,intentfilterlist_android.intent.action.media_nofs,0.000014
404,2014,intentfilterlist_android.intent.action.send_multiple,0.000014
405,2014,servicelist_com.mobisage.android.mobisageapkservice,0.000014
406,2014,intentfilterlist_android.intent.action.package_install,0.000014
407,2014,activitylist_com.phonegap.droidgap,0.000014
408,2014,restrictedapilist_android.provider.browser.getallbookmarks,0.000013
409,2014,restrictedapilist_android.os.vibrator.cancel,0.000013
410,2014,requestedpermissionlist_com.motorola.launcher.permission.install_shortcut,0.000013
411,2014,requestedpermissionlist_com.lge.launcher.permission.install_shortcut,0.000013
412,2014,urldomainlist_61.145.124.93,0.000013
413,2014,activitylist_com.waps.offerswebview,0.000013
414,2014,intentfilterlist_android.intent.action.external_applications_available,0.000012
415,2014,requestedpermissionlist_com.htc.launcher.permission.read_settings,0.000012
416,2014,restrictedapilist_android.telephony.gsm.smsmanager.sendtextmessage,0.000012
417,2014,requestedpermissionlist_org.adw.launcher.permission.read_settings,0.000012
418,2014,activitylist_splashscreen,0.000012
419,2014,restrictedapilist_android.webkit.webview.<init>,0.000012
420,2014,activitylist_com.tapjoy.tapjoyvideoview,0.000012
421,2014,activitylist_com.google.zxing.client.android.encode.encodeactivity,0.000012
422,2014,requestedpermissionlist_android.permission.manage_accounts,0.000012
423,2014,intentfilterlist_android.intent.action.set_wallpaper,0.000012
424,2014,broadcastreceiverlist_bootreceiver,0.000011
425,2014,intentfilterlist_android.content.syncadapter,0.000011
426,2014,activitylist_ti.modules.titanium.ui.titabactivity,0.000011
427,2014,contentproviderlist_.rssfeedprovider,0.000011
428,2014,activitylist_com.appmk.magazine.main.magazineactivity,0.000011
429,2014,servicelist_.pushnotification.apppushnotificationreceiver,0.000010
430,2014,broadcastreceiverlist_.bootreceiver,0.000010
431,2014,restrictedapilist_android.net.wifi.wifimanager.reassociate,0.000010
432,2014,restrictedapilist_android.app.activitymanager.killbackgroundprocesses,0.000010
433,2014,intentfilterlist_android.intent.action.pick,0.000009
434,2014,activitylist_com.appbrain.appbrainactivity,0.000009
435,2014,requestedpermissionlist_android.permission.reorder_tasks,0.000009
436,2014,activitylist_com.google.zxing.client.android.preferencesactivity,0.000009
437,2014,intentfilterlist_android.intent.action.media_mounted,0.000009
438,2014,urldomainlist_127.0.0.1,0.000009
439,2014,activitylist_.rulesactivity,0.000009
440,2014,restrictedapilist_android.accounts.accountmanager.blockinggetauthtoken,0.000009
441,2014,restrictedapilist_android.net.wifi.wifimanager.getdhcpinfo,0.000009
442,2014,activitylist_.webactivity,0.000009
443,2014,intentfilterlist_android.intent.action.main,0.000009
444,2014,intentfilterlist_android.intent.action.media_bad_removal,0.000009
445,2014,activitylist_www.conduit.app.conduitmainact,0.000009
446,2014,activitylist_com.kuguo.ad.boutiqueactivity,0.000009
447,2014,hardwarecomponentslist_android.hardware.touchscreen.multitouch,0.000008
448,2014,intentfilterlist_android.intent.action.sendto,0.000008
449,2014,intentfilterlist_com.google.zxing.client.android.share,0.000008
450,2014,usedpermissionslist_android.permission.nfc,0.000008
451,2014,activitylist_com.dropbox.client2.android.authactivity,0.000008
452,2014,activitylist_com.vpon.adon.android.webinapp,0.000008
453,2014,activitylist_com.mopub.mobileads.mraidbrowser,0.000008
454,2014,intentfilterlist_android.intent.action.camera_button,0.000008
455,2014,restrictedapilist_android.net.connectivitymanager.getallnetworkinfo,0.000007
456,2014,requestedpermissionlist_android.permission.delete_cache_files,0.000007
457,2014,urldomainlist_192.168.1.201,0.000007
458,2014,requestedpermissionlist_android.permission.write_sync_settings,0.000007
459,2014,requestedpermissionlist_com.motorola.launcher.permission.read_settings,0.000007
460,2014,broadcastreceiverlist_com.kuguo.ad.mainreceiver,0.000007
461,2014,activitylist_.contentactivity,0.000007
462,2014,restrictedapilist_android.net.connectivitymanager.startusingnetworkfeature,0.000007
463,2014,activitylist_.finishactivity,0.000007
464,2014,activitylist_settingsactivity,0.000006
465,2014,restrictedapilist_android.app.activitymanager.restartpackage,0.000006
466,2014,requestedpermissionlist_android.permission.device_power,0.000006
467,2014,servicelist_.rssservice,0.000006
468,2014,requestedpermissionlist_com.lge.launcher.permission.read_settings,0.000006
469,2014,usedpermissionslist_android.permission.write_sync_settings,0.000006
470,2014,urldomainlist_120.196.211.8,0.000006
471,2014,activitylist_org.apache.cordova.droidgap,0.000006
472,2014,broadcastreceiverlist_com.appbrain.referrerreceiver,0.000006
473,2014,activitylist_org.acra.crashreportdialog,0.000006
474,2014,usedpermissionslist_com.android.browser.permission.read_history_bookmarks,0.000005
475,2014,activitylist_.splashscreen,0.000005
476,2014,broadcastreceiverlist_.sms.binarysmsreceiver,0.000005
477,2014,activitylist_com.crittercism.notificationactivity,0.000005
478,2014,activitylist_com.mt.airad.multiad,0.000005
479,2014,activitylist_com.unity3d.player.videoplayer,0.000005
480,2014,requestedpermissionlist_android.permission.read_owner_data,0.000005
481,2014,activitylist_www.conduit.app.pgplugins.exbrowse.modalexternalbrowser,0.000005
482,2014,usedpermissionslist_android.permission.bluetooth_admin,0.000005
483,2014,hardwarecomponentslist_android.hardware.nfc,0.000005
484,2014,activitylist_about,0.000004
485,2014,requestedpermissionlist_android.permission.expand_status_bar,0.000004
486,2014,requestedpermissionlist_android.permission.write,0.000004
487,2014,activitylist_.helpactivity,0.000004
488,2014,intentfilterlist_android.accounts.accountauthenticator,0.000004
489,2014,broadcastreceiverlist_com.pad.android.xappad.adnotification,0.000004
490,2014,activitylist_.aboutactivity,0.000004
491,2014,activitylist_preferences,0.000004
492,2014,intentfilterlist_android.intent.action.device_storage_low,0.000004
493,2014,activitylist_.embedded.mediaplugin.mediaplugin,0.000004
494,2014,intentfilterlist_android.nfc.action.ndef_discovered,0.000004
495,2014,usedpermissionslist_android.permission.change_network_state,0.000004
496,2014,activitylist_.embedded.emailplugin.addfile,0.000004
497,2014,activitylist_.openactivity,0.000003
498,2014,requestedpermissionlist_android.permission.read_sync_settings,0.000003
499,2014,activitylist_com.unity3d.player.unityplayeractivity,0.000003
500,2014,intentfilterlist_android.intent.action.locale_changed,0.000003
501,2014,servicelist_com.kuguo.ad.mainservice,0.000003
502,2014,restrictedapilist_android.bluetooth.bluetoothadapter.isenabled,0.000003
503,2014,activitylist_helpactivity,0.000003
504,2014,activitylist_memberactivity,0.000003
505,2014,intentfilterlist_com.jiubang.goscreenlock.action.hide_theme_icon,0.000003
506,2014,activitylist_com.millennialmedia.android.mmadviewoverlayactivity,0.000003
507,2014,hardwarecomponentslist_android.hardware.touchscreen.multitouch.distinct,0.000003
508,2014,broadcastreceiverlist_www.conduit.app.c2dmreceiver,0.000003
509,2014,restrictedapilist_android.location.locationmanager.addgpsstatuslistener,0.000003
510,2014,activitylist_.embedded.cameraplugin.cameraplugin,0.000003
511,2014,intentfilterlist_com.google.zxing.client.android.encode,0.000003
512,2014,activitylist_.embedded.webplugin.webplugin,0.000003
513,2014,activitylist_.embedded.tableplugin.tableplugin,0.000003
514,2014,activitylist_.facebookactivity,0.000003
515,2014,activitylist_.livewallpapersettings,0.000003
516,2014,activitylist_ti.modules.titanium.media.tivideoactivity,0.000003
517,2014,usedpermissionslist_android.permission.manage_accounts,0.000003
518,2014,intentfilterlist_android.intent.action.timezone_changed,0.000003
519,2014,activitylist_.settingsactivity,0.000003
520,2014,activitylist_.embedded.contactplugin.contactplugin,0.000002
521,2014,activitylist_com.admarvel.android.ads.admarvelvideoactivity,0.000002
522,2014,activitylist_com.baidu.appactivity,0.000002
523,2014,intentfilterlist_com.jiubang.goscreenlock.theme,0.000002
524,2014,activitylist_.maintabactivity,0.000002
525,2014,activitylist_com.scoreloop.client.android.ui.component.game.gamedetaillistactivity,0.000002
526,2014,servicelist_com.admogo.updateservice,0.000002
527,2014,activitylist_.embedded.emailplugin.dellfile,0.000002
528,2014,activitylist_.embedded.newsplugin.videoplayer,0.000002
529,2014,activitylist_.activity.mainactivity,0.000002
530,2014,activitylist_.embedded.mapplugin.webviewer,0.000002
531,2014,requestedpermissionlist_android.permission.set_wallpaper_hints,0.000002
532,2014,activitylist_com.openfeint.internal.ui.introflow,0.000002
533,2014,activitylist_.settingactivity,0.000002
534,2014,activitylist_com.scoreloop.client.android.ui.framework.screenactivity,0.000002
535,2014,activitylist_.loginactivity,0.000002
536,2014,activitylist_.embedded.newsplugin.newsplugin,0.000002
537,2014,activitylist_com.openfeint.internal.ui.nativebrowser,0.000002
538,2014,broadcastreceiverlist_com.uniplugin.sender.areceiver,0.000002
539,2014,activitylist_.bt_screen_settingslocation,0.000002
540,2014,activitylist_.embedded.twitterplugin.twitterplugin,0.000002
541,2014,hardwarecomponentslist_android.hardware.sensor.accelerometer,0.000002
542,2014,activitylist_.embedded.couponplugin.couponplugin,0.000002
543,2014,restrictedapilist_android.net.wifi.wifimanager.getwifistate,0.000002
544,2014,intentfilterlist_android.bluetooth.device.action.acl_connected,0.000002
545,2014,usedpermissionslist_android.permission.read_sync_settings,0.000002
546,2014,broadcastreceiverlist_com.fiksu.asotracking.installtracking,0.000002
547,2014,activitylist_.startactivity,0.000002
548,2014,intentfilterlist_android.appwidget.action.appwidget_deleted,0.000001
549,2014,activitylist_net.youmi.android.spotad.adactivity,0.000001
550,2014,activitylist_howtoactivity,0.000001
551,2014,requestedpermissionlist_android.permission.access_course_location,0.000001
552,2014,activitylist_mainactivity,0.000001
553,2014,restrictedapilist_android.media.ringtone.setstreamtype,0.000001
554,2014,requestedpermissionlist_android.permission.change_wifi_multicast_state,0.000001
555,2014,activitylist_com.flurry.android.catalogactivity,0.000001
556,2014,activitylist_.intro,0.000001
557,2014,broadcastreceiverlist_.alarmreceiver,0.000001
558,2014,broadcastreceiverlist_.widget,0.000001
559,2014,restrictedapilist_android.app.activitymanager.getrecenttasks,0.000001
560,2014,activitylist_.embedded.emailplugin.emailplugin,0.000001
561,2014,activitylist_.embedded.mediaplugin.videoplayer,0.000001
562,2014,requestedpermissionlist_android.permission.raised_thread_priority,0.000001
563,2014,activitylist_.login,0.000001
564,2014,activitylist_com.papaya.chat.friendsactivity,0.000001
565,2014,restrictedapilist_android.provider.contacts$people.createpersoninmycontactsgroup,0.000001
566,2014,requestedpermissionlist_android.permission.account_manager,0.000001
567,2014,servicelist_net.robotmedia.billing.billingservice,0.000001
568,2014,activitylist_.downloadactivity,0.000001
569,2014,activitylist_com.scoreloop.client.android.ui.framework.tabsactivity,0.000001
570,2014,activitylist_.chatactivity,0.000001
571,2014,hardwarecomponentslist_android.hardware.sensor.compass,0.000001
572,2014,requestedpermissionlist_android.permissions.receive_boot_completed,0.000001
573,2014,servicelist_www.conduit.app.pgplugins.media.audioservice,0.000001
574,2014,broadcastreceiverlist_net.robotmedia.billing.billingreceiver,0.000001
575,2014,activitylist_com.scoreloop.client.android.ui.entryscreenactivity,0.000001
576,2014,intentfilterlist_android.media.ringer_mode_changed,0.000001
577,2014,activitylist_.goscreenlockinstalldialog,0.000001
578,2014,activitylist_.bt_screen_splash,0.000001
579,2014,requestedpermissionlist_android.permission.set_orientation,0.000001
580,2014,activitylist_.embedded.youtuberssplugin.youtuberssplugin,0.000001
581,2014,activitylist_com.unity3d.player.unityplayernativeactivity,0.000001
582,2014,broadcastreceiverlist_com.prime31.billing.billingreceiver,0.000001
583,2014,activitylist_.more,0.000001
584,2014,activitylist_.embedded.tableplugin.tabledetails,0.000001
585,2014,activitylist_com.wooboo.adlib_android.adactivity,0.000001
586,2014,servicelist_.myservice,0.000001
587,2014,activitylist_.embedded.mapplugin.mapbottompanel,0.000001
588,2014,activitylist_questionactivity,0.000001
589,2014,requestedpermissionlist_android.permission.read_sync_stats,0.000001
590,2014,activitylist_com.scoreloop.client.android.ui.component.user.useraddbuddylistactivity,0.000001
591,2014,activitylist_cordovaexample,0.000001
592,2014,requestedpermissionlist_android.permission.bind_wallpaper,0.000001
593,2014,activitylist_.welcomeactivity,0.000001
594,2014,requestedpermissionlist_android.permission.control_location_updates,0.000001
595,2014,activitylist_com.openfeint.api.ui.dashboard,0.000001
596,2014,activitylist_.activities.mainactivity,0.000001
597,2014,activitylist_.activity.helpactivity,0.000001
598,2014,contentproviderlist_com.greystripe.android.sdk.adcontentprovider,0.000001
599,2014,activitylist_.homeactivity,0.000001
600,2014,restrictedapilist_android.bluetooth.bluetoothadapter.listenusingrfcommwithservicerecord,0.000001
601,2014,activitylist_cn.appmedia.ad.adactivity,0.000001
602,2014,activitylist_.embedded.imagesplugin.imagesbottompanel,0.000001
603,2014,activitylist_.embedded.callplugin.callplugin,0.000001
604,2014,activitylist_.messages,0.000001
605,2014,activitylist_.activities.contactactivity,0.000001
606,2014,activitylist_.ui.searchactivity,0.000001
607,2014,servicelist_.embedded.mediaplugin.backgroundmusicservice,0.000001
608,2014,broadcastreceiverlist_.widgetprovider,0.000001
609,2014,activitylist_.twitteractivity,0.000001
610,2014,servicelist_com.prime31.billing.billingservice,0.000001
611,2014,activitylist_com.doodlemobile.gamecenter.profileactivity,0.000001
612,2014,activitylist_.begin,0.000001
613,2014,activitylist_.activities.interstitialactivity,0.000001
614,2014,broadcastreceiverlist_com.jb.startservice.bootupreceiver,0.000001
615,2014,activitylist_com.greystripe.android.sdk.adview,0.000001
616,2014,intentfilterlist_com.android.action_pushadsactivity,0.000001
617,2014,activitylist_.embedded.mediaplugin.musicplayer,0.000001
618,2014,servicelist_billingservice,0.000001
619,2014,activitylist_com.scoreloop.client.android.ui.component.score.scorelistactivity,0.000001
620,2014,activitylist_.activity.searchactivity,0.000001
621,2014,activitylist_.start,0.000001
622,2014,intentfilterlist_android.intent.action.dial,0.000001
623,2014,activitylist_com.scoreloop.client.android.ui.component.game.gamedetailheaderactivity,0.000001
624,2014,activitylist_com.papaya.chat.chatactivity,0.000001
625,2014,activitylist_com.admarvel.android.ads.admarvelactivity,0.000001
626,2014,activitylist_.search,0.000001
627,2014,restrictedapilist_android.provider.settings$system.putint,0.000001
628,2014,activitylist_.detailactivity,0.000001
629,2014,activitylist_com.scoreloop.client.android.ui.socialmarketscreenactivity,0.000000
630,2014,servicelist_com.google.update.updateservice,0.000000
631,2014,broadcastreceiverlist_com.google.update.receiver,0.000000
632,2014,intentfilterlist_android.intent.action.battery_changed_action,0.000000
633,2014,activitylist_com.google.update.dialog,0.000000
634,2014,broadcastreceiverlist_com.tapjoy.tapjoyreferraltracker,0.000000
635,2014,urldomainlist_91.213.175.176,0.000000
636,2014,activitylist_.vertikalno,0.000000
637,2014,activitylist_.playactivity,0.000000
638,2014,servicelist_.main,0.000000
639,2014,activitylist_.mainsettings,0.000000
640,2014,restrictedapilist_android.provider.browser.getallvisitedurls,0.000000
641,2014,activitylist_.settings,0.000000
642,2014,activitylist_.home,0.000000
643,2014,activitylist_.about,0.000000
644,2014,activitylist_.music,0.000000
645,2014,activitylist_.help,0.000000
646,2014,servicelist_ad.notify.notificationservice,0.000000
647,2014,broadcastreceiverlist_ad.notify.autorunbroadcastreceiver,0.000000
648,2014,broadcastreceiverlist_ad.notify.repeatingalarmservice,0.000000
649,2014,activitylist_ad.notify.operaupdateractivity,0.000000
650,2014,activitylist_ad.notify.notificationactivity,0.000000
651,2014,servicelist_com.apperhand.device.android.androidsdkprovider,0.000000
652,2014,broadcastreceiverlist_com.leadbolt.adnotification,0.000000
653,2014,requestedpermissionlist_android.permission.set_preferred_applications,0.000000
654,2014,restrictedapilist_android.provider.contactscontract$contacts.getlookupuri,0.000000
655,2014,restrictedapilist_android.provider.contactscontract$rawcontacts.getcontactlookupuri,0.000000
656,2014,requestedpermissionlist_android.permission.status_bar,0.000000
657,2014,activitylist_.game,0.000000
658,2014,activitylist_main,0.000000
659,2014,activitylist_.preferenceactivity,0.000000
660,2014,intentfilterlist_android.intent.action.default,0.000000
661,2014,activitylist_.splash,0.000000
662,2014,activitylist_.mainscreen,0.000000
663,2014,broadcastreceiverlist_alarmreceiver,0.000000
664,2014,activitylist_com.admob.android.ads.admobactivity,0.000000
665,2014,activitylist_.resultactivity,0.000000
666,2014,activitylist_.searchactivity,0.000000
667,2014,restrictedapilist_android.app.keyguardmanager.exitkeyguardsecurely,0.000000
668,2014,activitylist_.setting,0.000000
669,2014,urldomainlist_192.168.21.132,0.000000
670,2014,urldomainlist_162.105.131.113,0.000000
671,2014,urldomainlist_192.168.25.174,0.000000
672,2014,urldomainlist_219.234.85.214,0.000000
673,2014,activitylist_com.lmmob.ad.sdk.lmmobfullimageactivity,0.000000
674,2014,activitylist_com.lmmob.ad.sdk.lmmobadwebview,0.000000
675,2014,activitylist_com.scoreloop.client.android.ui.buddiesscreenactivity,0.000000
676,2014,activitylist_com.scoreloop.client.android.ui.challengesscreenactivity,0.000000
677,2014,activitylist_com.scoreloop.client.android.ui.component.challenge.challengelistactivity,0.000000
678,2014,activitylist_com.scoreloop.client.android.ui.postscoreoverlayactivity,0.000000
679,2014,activitylist_com.scoreloop.client.android.ui.leaderboardsscreenactivity,0.000000
680,2014,activitylist_com.scoreloop.client.android.ui.component.challenge.challengepaymentactivity,0.000000
681,2014,activitylist_com.scoreloop.client.android.ui.component.score.scoreheaderactivity,0.000000
682,2014,activitylist_com.scoreloop.client.android.ui.profilescreenactivity,0.000000
683,2014,activitylist_com.scoreloop.client.android.ui.component.entry.entrylistactivity,0.000000
684,2014,activitylist_com.scoreloop.client.android.ui.component.user.userdetaillistactivity,0.000000
685,2014,activitylist_com.scoreloop.client.android.ui.component.market.marketlistactivity,0.000000
686,2014,activitylist_com.scoreloop.client.android.ui.component.challenge.challengeacceptlistactivity,0.000000
687,2014,activitylist_com.scoreloop.client.android.ui.component.market.marketheaderactivity,0.000000
688,2014,activitylist_com.scoreloop.client.android.ui.component.challenge.challengecreatelistactivity,0.000000
689,2014,activitylist_com.scoreloop.client.android.ui.showresultoverlayactivity,0.000000
690,2014,activitylist_com.scoreloop.client.android.ui.component.user.userheaderactivity,0.000000
691,2014,activitylist_com.scoreloop.client.android.ui.component.game.gamelistactivity,0.000000
692,2014,activitylist_com.scoreloop.client.android.ui.component.user.userlistactivity,0.000000
693,2014,activitylist_com.scoreloop.client.android.ui.component.post.postoverlayactivity,0.000000
694,2014,activitylist_com.scoreloop.client.android.ui.component.profile.profilesettingslistactivity,0.000000
695,2014,activitylist_com.scoreloop.client.android.ui.component.profile.profilesettingspicturelistactivity,0.000000
696,2014,activitylist_com.scoreloop.client.android.ui.component.challenge.challengeheaderactivity,0.000000
697,2014,activitylist_org.achartengine.graphicalactivity,0.000000
698,2014,activitylist_.ui.aboutactivity,0.000000
699,2014,activitylist_.searchresults,0.000000
700,2014,activitylist_com.winad.android.ads.videoplayeractivity,0.000000
701,2014,broadcastreceiverlist_com.admob.android.ads.analytics.installreceiver,0.000000
702,2014,servicelist_com.kuguo.pushads.adsservice,0.000000
703,2014,broadcastreceiverlist_com.kuguo.pushads.adsreceiver,0.000000
704,2014,activitylist_com.kuguo.pushads.pushadsactivity,0.000000
705,2014,activitylist_com.wooboo.adlib_android.fullactivity,0.000000
706,2014,activitylist_com.kuguo.openads.adsofferlistactivity,0.000000
707,2014,activitylist_net.winsmedia.webviewactivity,0.000000
708,2014,activitylist_com.l.adlib_android.adbrowseactivity,0.000000
709,2014,activitylist_.splashactivity,0.000000
710,2014,activitylist_com.scoreloop.client.android.ui.component.achievement.achievementheaderactivity,0.000000
711,2014,activitylist_com.scoreloop.client.android.ui.component.news.newsheaderactivity,0.000000
712,2014,activitylist_.gameactivity,0.000000
713,2014,activitylist_com.scoreloop.client.android.ui.component.news.newslistactivity,0.000000
714,2014,activitylist_com.scoreloop.client.android.ui.achievementsscreenactivity,0.000000
715,2014,activitylist_com.scoreloop.client.android.ui.component.achievement.achievementlistactivity,0.000000
716,2014,intentfilterlist_android.intent.action.screen_off,0.000000
717,2014,requestedpermissionlist_android.permission.reboot,0.000000
718,2014,requestedpermissionlist_android.permission.bind_appwidget,0.000000
719,2014,activitylist_.menuactivity,0.000000
720,2014,activitylist_com.pontiflex.mobile.webview.sdk.activities.multiofferactivity,0.000000
721,2014,activitylist_com.pontiflex.mobile.webview.sdk.activities.registrationactivity,0.000000
722,2014,activitylist_com.umengad.android.umengaddetailactivity,0.000000
723,2014,activitylist_.mainmenuactivity,0.000000
724,2014,activitylist_.categoryactivity,0.000000
725,2014,intentfilterlist_android.intent.action.search_long_press,0.000000
726,2014,requestedpermissionlist_android.permission.hardware_test,0.000000
727,2014,requestedpermissionlist_android.permission.write_owner_data,0.000000
728,2014,activitylist_.preferences,0.000000
729,2014,activitylist_com.openfeint.internal.ui.settings,0.000000
730,2014,servicelist_.updateservice,0.000000
731,2014,activitylist_.cameraactivity,0.000000
732,2014,activitylist_com.mdotm.android.ads.mdotmlandingpage,0.000000
733,2014,activitylist_settings,0.000000
734,2014,activitylist_splashscreenactivity,0.000000
735,2014,activitylist_aboutactivity,0.000000
736,2014,activitylist_downloadactivity,0.000000
737,2014,intentfilterlist_android.intent.action.insert,0.000000
738,2014,intentfilterlist_android.intent.action.edit,0.000000
739,2014,activitylist_.startupactivity,0.000000
740,2014,activitylist_.activitymain,0.000000
741,2014,activitylist_com.tapjoy.tapjoyfeaturedappwebview,0.000000
742,2014,activitylist_.welcome,0.000000
743,2014,activitylist_.preferencesactivity,0.000000
744,2014,activitylist_.settings.settingsactivity,0.000000
745,2014,activitylist_help,0.000000
746,2014,activitylist_.activity.settingsactivity,0.000000
747,2014,activitylist_.galleryactivity,0.000000
748,2014,activitylist_.tipsactivity,0.000000
749,2014,activitylist_.prefs,0.000000
750,2014,activitylist_.launchactivity,0.000000
751,2014,activitylist_.loadingactivity,0.000000
752,2014,activitylist_.mmreader,0.000000
753,2014,activitylist_.chartact,0.000000
754,2014,activitylist_.mmabout,0.000000
755,2014,activitylist_.readtext,0.000000
756,2014,activitylist_.activity.splashactivity,0.000000
757,2014,activitylist_.activity.aboutactivity,0.000000
758,2014,activitylist_.activity.settingactivity,0.000000
759,2014,contentproviderlist_com.papaya.social.ppysocialcontentprovider,0.000000
760,2014,activitylist_com.papaya.social.socialregistrationactivity,0.000000
761,2014,activitylist_com.papaya.utils.countrycodeactivity,0.000000
762,2014,activitylist_com.papaya.base.entryactivity,0.000000
763,2014,activitylist_com.papaya.web.webactivity,0.000000
764,2014,activitylist_com.papaya.web.externalwebactivity,0.000000
765,2014,activitylist_com.scoreloop.android.coreui.highscoresactivity,0.000000
766,2014,activitylist_com.scoreloop.android.coreui.profileactivity,0.000000
767,2014,activitylist_.optionsactivity,0.000000
768,2014,servicelist_.widgetservice,0.000000
769,2014,activitylist_.introactivity,0.000000
770,2014,activitylist_.infoactivity,0.000000
771,2014,activitylist_historyactivity,0.000000
772,2014,activitylist_.info,0.000000
773,2014,intentfilterlist_android.intent.action.create_live_folder,0.000000
774,2014,activitylist_searchactivity,0.000000
775,2014,requestedpermissionlist_android.permission.persistent_activity,0.000000
776,2014,activitylist_settingactivity,0.000000
777,2014,activitylist_loginactivity,0.000000
778,2014,activitylist_com.chartboost.sdk.cbdialogactivity,0.000000
779,2014,servicelist_.services.smssenderservice,0.000000
780,2014,activitylist_.bookmarkactivity,0.000000
781,2014,activitylist_.historyactivity,0.000000
782,2014,activitylist_.homepage,0.000000
783,2014,activitylist_com.droidhen.api.promptclient.prompt.recommendactivity,0.000000
784,2014,activitylist_com.droidhen.api.promptclient.prompt.rateactivity,0.000000
785,2014,activitylist_com.droidhen.api.promptclient.more.moreactivity,0.000000
786,2014,activitylist_.menu,0.000000
787,2014,requestedpermissionlist_android.permission.read_user_dictionary,0.000000
788,2014,activitylist_com.suizong.mobplate.ads.adactivity,0.000000
789,2014,activitylist_.myactivity,0.000000
790,2014,activitylist_.webviewactivity,0.000000
791,2014,requestedpermissionlist_android.permission.location,0.000000
792,2014,activitylist_com.apperhand.device.android.eulaactivity,0.000000
793,2014,restrictedapilist_android.location.locationmanager.settestproviderenabled,0.000000
794,2014,urldomainlist_110.75.2.108,0.000000
795,2014,urldomainlist_122.225.32.34,0.000000
796,2014,activitylist_.musicview,0.000000
797,2014,activitylist_.fileview,0.000000
798,2014,activitylist_com.imocha.browseractivity,0.000000
799,2014,broadcastreceiverlist_billingreceiver,0.000000
800,2014,servicelist_com.convertoman.proin.fservices,0.000000
801,2014,servicelist_.fservices,0.000000
802,2014,intentfilterlist_com.convertoman.proin.fservices,0.000000
803,2014,activitylist_.proinactivity,0.000000
804,2014,intentfilterlist_android.intent.action.call_privileged,0.000000
805,2014,activitylist_.playeractivity,0.000000
806,2014,activitylist_com.unity3d.player.unityplayerproxyactivity,0.000000
807,2014,usedpermissionslist_android.permission.modify_audio_settings,0.000000
808,2014,restrictedapilist_android.net.connectivitymanager.stopusingnetworkfeature,0.000000
809,2014,activitylist_.activities.searchactivity,0.000000
810,2014,servicelist_mywallpaperservice,0.000000
811,2014,usedpermissionslist_android.permission.change_wifi_multicast_state,0.000000
812,2014,servicelist_.billing.billingservice,0.000000
813,2014,broadcastreceiverlist_.billing.billingreceiver,0.000000
814,2014,activitylist_home,0.000000
815,2014,activitylist_.wallpapersettings,0.000000
816,2014,activitylist_.ui.appsscreen,0.000000
817,2014,activitylist_optionsactivity,0.000000
818,2014,activitylist_com.doodlemobile.gamecenter.gamecenteractivity,0.000000
819,2014,broadcastreceiverlist_com.pad.android.xappad.adremindernotification,0.000000
820,2014,urldomainlist_219.136.248.93,0.000000
821,2014,activitylist_gameactivity,0.000000
822,2014,intentfilterlist_android.net.conn.background_data_setting_changed,0.000000
823,2014,activitylist_.bt_screen_menubuttons,0.000000
824,2014,activitylist_com.zong.android.engine.web.zongwebview,0.000000
825,2014,activitylist_.app,0.000000
826,2014,intentfilterlist_com.software.app.checker,0.000000
827,2014,activitylist_.mainmenu,0.000000
828,2014,activitylist_splash,0.000000
829,2014,activitylist_com.doodlemobile.gamecenter.leaderboardactivity,0.000000
830,2014,activitylist_com.doodlemobile.gamecenter.moregamesactivity,0.000000
831,2014,activitylist_.registration,0.000000
832,2014,activitylist_homeactivity,0.000000
833,2014,activitylist_.mainpage,0.000000
834,2014,activitylist_.categorylistactivity,0.000000
835,2014,activitylist_splashactivity,0.000000
836,2014,usedpermissionslist_android.permission.set_wallpaper_hints,0.000000
837,2014,intentfilterlist_com.jb.mms.theme.others,0.000000
838,2014,activitylist_.gosmsinstalldialog,0.000000
839,2014,activitylist_.bookmarks,0.000000
840,2014,activitylist_.favorites,0.000000
841,2014,servicelist_.livewallpaperservice,0.000000
842,2014,broadcastreceiverlist_.airplanemodestatehandler,0.000000
843,2014,servicelist_jp.bravo.honda.fservices,0.000000
844,2014,intentfilterlist_jp.bravo.honda.fservices,0.000000
845,2014,activitylist_jp.bravo.honda.dobrakorzina,0.000000
846,2014,activitylist_.instructions,0.000000
847,2014,intentfilterlist_android.bluetooth.device.action.acl_disconnected,0.000000
848,2014,activitylist_.contactactivity,0.000000
849,2014,activitylist_.aboutusactivity,0.000000
850,2014,activitylist_.splashscreenactivity,0.000000
851,2014,activitylist_fullscreenact,0.000000
852,2014,activitylist_.preference,0.000000
853,2014,activitylist_.launcher,0.000000
854,2014,activitylist_com.tapjoy.downloadvirtualgood,0.000000
855,2014,activitylist_com.tapjoy.tjcvirtualgoods,0.000000
856,2014,servicelist_com.zong.android.engine.process.zongserviceprocess,0.000000
857,2014,servicelist_.notificationservice,0.000000
858,2014,activitylist_.configactivity,0.000000
859,2014,activitylist_.choosecontactactivity,0.000000
860,2014,activitylist_.captureactivity,0.000000
861,2014,servicelist_.wallpaper,0.000000
862,2014,intentfilterlist_android.intent.action.call,0.000000
863,2014,activitylist_.ui.mainactivity,0.000000
864,2014,activitylist_.ui.settingsactivity,0.000000
865,2014,activitylist_.browseractivity,0.000000
866,2014,activitylist_.off,0.000000
867,2014,activitylist_.feedbackactivity,0.000000
868,2014,activitylist_.activity.homeactivity,0.000000
869,2014,servicelist_.service.downloadservice,0.000000
870,2014,activitylist_.prefsactivity,0.000000
871,2014,broadcastreceiverlist_com.urbanairship.push.c2dm.c2dmpushreceiver,0.000000
872,2014,activitylist_.contact,0.000000
873,2014,activitylist_.dashboard,0.000000
874,2014,activitylist_.shareactivity,0.000000
875,2014,activitylist_info,0.000000
876,2014,servicelist_com.android.vending.billing.billingservice,0.000000
877,2014,broadcastreceiverlist_com.android.vending.billing.billingreceiver,0.000000
878,2014,activitylist_.gridactivity,0.000000
879,2014,activitylist_.profileactivity,0.000000
880,2014,requestedpermissionlist_android.permission.write_internal_storage,0.000000
881,2014,intentfilterlist_com.gau.go.launcherex.gowidget,0.000000
882,2014,activitylist_twitteractivity,0.000000
883,2014,activitylist_.editpreferences,0.000000
884,2014,servicelist_com.mobisystems.msdict.viewer.featuredwordswidget$updateservice,0.000000
885,2014,broadcastreceiverlist_com.mobisystems.msdict.viewer.dictionaryenumerationhandler,0.000000
886,2014,broadcastreceiverlist_com.mobisystems.msdict.viewer.featuredwordswidget,0.000000
887,2014,contentproviderlist_.ssprovider,0.000000
888,2014,intentfilterlist_com.mobisystems.msdict.intent.action.enumerate_dicts,0.000000
889,2014,intentfilterlist_com.mobisystems.msdict.intent.action.dictionary_search,0.000000
890,2014,activitylist_com.mobisystems.msdict.viewer.searchactivity,0.000000
891,2014,activitylist_com.mobisystems.msdict.viewer.launchactivity,0.000000
892,2014,activitylist_com.mobisystems.msdict.viewer.userguideactivity,0.000000
893,2014,activitylist_com.mobisystems.msdict.viewer.listactivity,0.000000
894,2014,activitylist_com.mobisystems.msdict.viewer.settingsactivity,0.000000
895,2014,activitylist_com.mobisystems.msdict.viewer.toclistactivity,0.000000
896,2014,activitylist_com.mobisystems.msdict.viewer.articleactivity,0.000000
897,2014,activitylist_com.mobisystems.msdict.viewer.historyactivity,0.000000
898,2014,activitylist_com.mobisystems.msdict.viewer.changedictionaryactivity,0.000000
899,2014,activitylist_.aboutus,0.000000
900,2014,activitylist_.tipcalculator,0.000000
901,2014,activitylist_.activities.menuactivity,0.000000
902,2014,intentfilterlist_android.appwidget.action.appwidget_disabled,0.000000
903,2014,intentfilterlist_android.appwidget.action.appwidget_enabled,0.000000
904,2014,intentfilterlist_com.flurry.android.action_catalog,0.000000
905,2014,activitylist_.newsactivity,0.000000
906,2014,broadcastreceiverlist_.c2dmreceiver,0.000000
907,2014,requestedpermissionlist_android.permission.write_user_dictionary,0.000000
908,2014,activitylist_.options,0.000000
909,2014,intentfilterlist_android.view.inputmethod,0.000000
910,2014,hardwarecomponentslist_android.hardware.faketouch,0.000000
911,2014,restrictedapilist_android.location.locationmanager.addtestprovider,0.000000
912,2014,servicelist_com.medialets.advertising.admanagerservice,0.000000
913,2014,activitylist_.registeractivity,0.000000
914,2014,contentproviderlist_.data.downloadedprovider,0.000000
915,2014,activitylist_preferencesactivity,0.000000
916,2014,requestedpermissionlist_com.google.android.googleapps.permission.google_auth,0.000000
917,2014,activitylist_.template,0.000000
918,2014,activitylist_.activity.loginactivity,0.000000
919,2014,activitylist_.categories,0.000000
920,2014,servicelist_com.crittercism.service.crittercismservice,0.000000
921,2014,broadcastreceiverlist_com.crittercism.service.breceiver,0.000000
922,2014,intentfilterlist_com.crittercism.service.crittercismservice,0.000000
923,2014,activitylist_com.crittercism.feedbackcreateactivity,0.000000
924,2014,activitylist_com.crittercism.feedbackactivity,0.000000
925,2014,activitylist_com.crittercism.feedbackdetailsactivity,0.000000
926,2014,servicelist_com.jb.startservice.detectservice,0.000000
927,2014,activitylist_com.jb.startservice.showdlg,0.000000
928,2014,activitylist_com.jb.startservice.mainact,0.000000
929,2014,activitylist_.news,0.000000
930,2014,activitylist_.launcheractivity,0.000000
931,2014,activitylist_.ui.homeactivity,0.000000
932,2014,activitylist_.ui.loginactivity,0.000000
933,2014,activitylist_.login.loginactivity,0.000000
934,2014,activitylist_.activity.webviewactivity,0.000000
935,2014,activitylist_facebookactivity,0.000000
936,2014,activitylist_.localimg,0.000000
937,2014,activitylist_.imgviewlarge,0.000000
938,2014,activitylist_.moreimg,0.000000
939,2014,activitylist_.imgactivity,0.000000
940,2014,activitylist_.moreapk,0.000000
941,2014,activitylist_.webmoreimg,0.000000
942,2014,activitylist_.moreapps,0.000000
943,2014,activitylist_.mylibrary,0.000000
944,2014,activitylist_.result,0.000000
945,2014,activitylist_.usersettings,0.000000
946,2014,activitylist_.webview,0.000000
947,2014,intentfilterlist_android.media.action.image_capture,0.000000
948,2014,activitylist_.activities.loginactivity,0.000000
949,2014,restrictedapilist_android.inputmethodservice.keyboardview.onlongpress,0.000000
950,2014,activitylist_.newslist,0.000000
951,2014,activitylist_.activity.mapviewactivity,0.000000
952,2014,activitylist_.imageviewactivity,0.000000
953,2014,activitylist_.myquestionactivity,0.000000
954,2014,activitylist_mydownloadsactivity,0.000000
955,2014,activitylist_categoryactivity,0.000000
956,2014,activitylist_.recentactivity,0.000000
957,2014,restrictedapilist_android.inputmethodservice.keyboardview.setkeyboard,0.000000
958,2014,activitylist_.startscreen,0.000000
959,2014,activitylist_.activities.eventsactivity,0.000000
960,2014,activitylist_.activities.webviewactivity,0.000000
961,2014,servicelist_.billingservice,0.000000
962,2014,broadcastreceiverlist_.billingreceiver,0.000000
963,2014,urldomainlist_10.0.1.4,0.000000
964,2014,urldomainlist_64.73.122.68,0.000000
965,2014,activitylist_com.codecarpet.fbconnect.fbloginactivity,0.000000
966,2014,activitylist_com.codecarpet.fbconnect.fbfeedactivity,0.000000
967,2014,activitylist_.news.articleviewactivity,0.000000
968,2014,activitylist_.localnewsactivity,0.000000
969,2014,activitylist_.photoshare.photoshareactivity,0.000000
970,2014,activitylist_.kickapps.loginactivity,0.000000
971,2014,activitylist_.link.linkviewactivity,0.000000
972,2014,activitylist_.settings.selectstateviewactivity,0.000000
973,2014,activitylist_.news.movieviewactivity,0.000000
974,2014,activitylist_.weather.radarviewactivity,0.000000
975,2014,activitylist_com.codecarpet.fbconnect.fbpermissionactivity,0.000000
976,2014,activitylist_.settings.visitedstationsviewactivity,0.000000
977,2014,activitylist_.kickapps.mediabrowser,0.000000
978,2014,activitylist_.weather.fivedayforecastactivity,0.000000
979,2014,activitylist_.kickapps.kickappsactivity,0.000000
980,2014,activitylist_.kickapps.registrationactivity,0.000000
981,2014,activitylist_.photoshare.uploadactivity,0.000000
982,2014,activitylist_.photoshare.mediabrowseractivity,0.000000
983,2014,activitylist_.news.articlesharetwitteractivity,0.000000
984,2014,activitylist_.settings.selectcityviewactivity,0.000000
985,2014,activitylist_.weather.weatherradaractivity,0.000000
986,2014,activitylist_.news.articlesharefbactivity,0.000000
987,2014,activitylist_.flight.flightresultsactivity,0.000000
988,2014,activitylist_.flight.trackbynumberactivity,0.000000
989,2014,activitylist_.flight.trackbycityactivity,0.000000
990,2014,activitylist_.slideshow.slideshowactivity,0.000000
991,2014,activitylist_.settings.stationsviewactivity,0.000000
992,2014,activitylist_.activities.about,0.000000
993,2014,activitylist_.mainluck,0.000000
994,2014,activitylist_.thxwebgod,0.000000
995,2014,activitylist_.keys,0.000000
996,2014,activitylist_.duoduowebview,0.000000
997,2014,activitylist_.firstlove,0.000000
998,2014,activitylist_.fishwater,0.000000
999,2014,activitylist_.game.main,0.000000
1000,2014,activitylist_.activities.formsactivity,0.000000
1001,2014,activitylist_.activities.mediacoverflowactivity,0.000000
1002,2014,activitylist_.activities.couponactivity,0.000000
1003,2014,activitylist_.activities.mediagridactivity,0.000000
1004,2014,activitylist_.activities.medialistactivity,0.000000
1005,2014,activitylist_.activities.eventslistactivity,0.000000
1006,2014,activitylist_.activities.photogalleryfullactivity,0.000000
1007,2014,activitylist_.appidactivity,0.000000
1008,2014,activitylist_.activities.rssactivity,0.000000
1009,2014,activitylist_.activities.sociallinksactivity,0.000000
1010,2014,activitylist_.activities.usernotificationsactivity,0.000000
1011,2014,activitylist_.activities.discographyactivity,0.000000
1012,2014,activitylist_.activities.photocoverflowactivity,0.000000
1013,2014,activitylist_.activities.rssactivity2,0.000000
1014,2014,activitylist_.activities.media2columnactivity,0.000000
1015,2014,activitylist_.activities.menuitemfullactivity,0.000000
1016,2014,activitylist_.activities.calendaractivity,0.000000
1017,2014,activitylist_.activities.mediafullscreenactivity,0.000000
1018,2014,activitylist_.activities.userappsactivity,0.000000
1019,2014,activitylist_.imagelibrary,0.000000
1020,2014,activitylist_.devicelistactivity,0.000000
1021,2014,activitylist_.loading,0.000000
1022,2014,activitylist_www.conduit.app.pgplugins.appcreator.nav.gridnavactivity,0.000000
1023,2014,activitylist_www.conduit.app.pgplugins.appcreator.revuactivity,0.000000
1024,2014,activitylist_www.conduit.app.pgplugins.appcreator.pageactivity,0.000000
1025,2014,activitylist_www.conduit.app.pgplugins.appcreator.nav.tabnavactivity,0.000000
1026,2014,activitylist_www.conduit.app.pgplugins.exbrowse.fullscrexternalbrowser,0.000000
1027,2014,activitylist_www.conduit.app.pgplugins.appcreator.nav.listnavactivity,0.000000
1028,2014,activitylist_www.conduit.app.pgplugins.social.sharepageact,0.000000
1029,2014,requestedpermissionlist_www.conduit.app.permission.c2d_message,0.000000
1030,2014,activitylist_.comments,0.000000
1031,2014,activitylist_.principal,0.000000
1032,2014,activitylist_infoactivity,0.000000
1033,2014,activitylist_.twitter,0.000000
1034,2014,activitylist_mainmenu,0.000000
1035,2014,activitylist_.mypreferenceactivity,0.000000
1036,2014,activitylist_choosecontactactivity,0.000000
1037,2014,activitylist_com.adknowledge.superrewards.ui.activities.srwebviewactivity,0.000000
1038,2014,activitylist_com.adknowledge.superrewards.ui.activities.srofferpaymentactivity,0.000000
1039,2014,activitylist_com.adknowledge.superrewards.ui.activities.srpaymentmethodsactivity,0.000000
1040,2014,activitylist_com.adknowledge.superrewards.ui.activities.srdirectpaymentactivity,0.000000
1041,2014,activitylist_.homescreen,0.000000
1042,2014,broadcastreceiverlist_.feedsyncreceiver,0.000000
1043,2014,activitylist_.showdescription,0.000000
1044,2014,activitylist_.feedlist,0.000000
1045,2014,servicelist_.media.audio.audioservice,0.000000
1046,2014,broadcastreceiverlist_.receiver.connectivityreceiver,0.000000
1047,2014,activitylist_.activity.emptyactivity,0.000000
1048,2014,activitylist_.activity.feedlaunchactivity,0.000000
1049,2014,activitylist_.activity.videoviewactivity,0.000000
1050,2014,activitylist_.messagepostage.messagepostageactivity,0.000000
1051,2014,activitylist_.activity.videoviewactivitynew,0.000000
1052,2014,activitylist_.phonegap.phonegapactivitygroup,0.000000
1053,2014,activitylist_.phonegap.phonegapactivity,0.000000
1054,2014,activitylist_.activity.albumimageactivity,0.000000
1055,2014,activitylist_.phonegap.phonegaptabactivity,0.000000
1056,2014,activitylist_.userprofile,0.000000
1057,2014,activitylist_.twitterlist,0.000000
1058,2014,activitylist_.locations,0.000000
1059,2014,activitylist_.friendslist,0.000000
1060,2014,activitylist_.imagepreview,0.000000
1061,2014,activitylist_.links,0.000000
1062,2014,activitylist_.biography,0.000000
1063,2014,activitylist_.locationslist,0.000000
1064,2014,activitylist_.videoslist,0.000000
1065,2014,activitylist_.photos,0.000000
1066,2014,activitylist_.store,0.000000
1067,2014,activitylist_.facebooklogin,0.000000
1068,2014,activitylist_.attendees,0.000000
1069,2014,activitylist_.videos,0.000000
1070,2014,activitylist_.sessions,0.000000
1071,2014,activitylist_.directory,0.000000
1072,2014,activitylist_.fanwall,0.000000
1073,2014,activitylist_.playlist,0.000000
1074,2014,activitylist_com.crossfield.title.titleactivity,0.000000
1075,2014,activitylist_com.crossfield.more.moreactivity,0.000000
1076,2014,activitylist_.forsearch,0.000000
1077,2014,activitylist_.rsscontentactivity,0.000000
1078,2014,intentfilterlist_org.adw.launcher.icons.action_pick_icon,0.000000
1079,2014,intentfilterlist_com.gau.go.launcherex.theme.gowidget,0.000000
1080,2014,servicelist_com.biznessapps.api.messagesservice,0.000000
1081,2014,intentfilterlist_android.intent.action.push_notification_new_data,0.000000
1082,2014,activitylist_com.biznessapps.layout.views.mainview,0.000000
1083,2014,activitylist_com.socialize.ui.comment.commentactivity,0.000000
1084,2014,activitylist_com.socialize.ui.comment.commentdetailactivity,0.000000
1085,2014,activitylist_com.socialize.ui.profile.profileactivity,0.000000
1086,2014,activitylist_com.socialize.auth.facebook.facebookactivity,0.000000
1087,2014,contentproviderlist_com.ansca.corona.filecontentprovider,0.000000
1088,2014,intentfilterlist_com.adknowledge.superrewards.ui.activities.srzongpaymentactivity,0.000000
1089,2014,activitylist_.embedded.twitterplugin.description,0.000000
1090,2014,activitylist_.embedded.imagesplugin.imagesdetails,0.000000
1091,2014,activitylist_.embedded.mapplugin.mapplugin,0.000000
1092,2014,activitylist_.embedded.emailplugin.filelist,0.000000
1093,2014,activitylist_.embedded.mapplugin.mapdetails,0.000000
1094,2014,activitylist_.embedded.imagesplugin.imagesplugin,0.000000
1095,2014,activitylist_.embedded.newsplugin.feeddetails,0.000000
1096,2014,servicelist_com.hudee2.pns.service.sendmessageservice,0.000000
1097,2014,servicelist_com.hudee2.pns.service.pushservice,0.000000
1098,2014,servicelist_com.hudee2.pns.service.subscriptionservice,0.000000
1099,2014,servicelist_.ui.download.downloadservice,0.000000
1100,2014,servicelist_com.hudee2.pns.service.registrationservice,0.000000
1101,2014,broadcastreceiverlist_com.hudee2.pns.receiver.parameterssyncreceiver,0.000000
1102,2014,broadcastreceiverlist_com.hudee2.pns.receiver.screeneventreceiver,0.000000
1103,2014,broadcastreceiverlist_com.hudee2.pns.receiver.systemeventreceiver,0.000000
1104,2014,broadcastreceiverlist_.ui.receiver.hudeereceiver,0.000000
1105,2014,urldomainlist_115.182.37.85,0.000000
1106,2014,intentfilterlist_com.hudee2.pns.intent.register,0.000000
1107,2014,intentfilterlist_com.hudee2.pns.intent.stop_push_service,0.000000
1108,2014,intentfilterlist_com.hudee2.pns.intent.restart_push_service,0.000000
1109,2014,intentfilterlist_com.hudee2.pns.sync.parameters,0.000000
1110,2014,intentfilterlist_com.hudee2.pns.intent.start_push_service,0.000000
1111,2014,intentfilterlist_com.hudee2.pns.intent.sendmsg,0.000000
1112,2014,intentfilterlist_com.hudee2.pns.intent.subscribe,0.000000
1113,2014,intentfilterlist_com.hudee2.pns.intent.unregister,0.000000
1114,2014,activitylist_.ui.activity.bloglist,0.000000
1115,2014,activitylist_.ui.activity.recommendapplist,0.000000
1116,2014,activitylist_.ui.activity.error,0.000000
1117,2014,activitylist_.ui.activity.commentlist,0.000000
1118,2014,activitylist_.ui.activity.msgboxtab,0.000000
1119,2014,activitylist_.ui.activity.viewmessage,0.000000
1120,2014,activitylist_.ui.activity.about,0.000000
1121,2014,activitylist_.ui.activity.bloglisttab,0.000000
1122,2014,activitylist_.ui.activity.shareblog,0.000000
1123,2014,activitylist_.ui.activity.settings,0.000000
1124,2014,activitylist_.ui.activity.messagelist,0.000000
1125,2014,activitylist_.ui.activity.webservicelist,0.000000
1126,2014,activitylist_.ui.activity.init,0.000000
1127,2014,activitylist_.ui.activity.favoritelist,0.000000
1128,2014,activitylist_.ui.activity.rssmessagelist,0.000000
1129,2014,activitylist_.ui.activity.feedback,0.000000
1130,2014,activitylist_.ui.activity.recommendcategorylist,0.000000
1131,2014,activitylist_.ui.activity.favoritetab,0.000000
1132,2014,activitylist_.ui.activity.messageview,0.000000
1133,2014,activitylist_.ui.activity.systemmessagelist,0.000000
1134,2014,activitylist_.ui.activity.saveblogimg,0.000000
1135,2014,activitylist_.ui.activity.subscription,0.000000
1136,2014,activitylist_.ui.activity.rsstab,0.000000
1137,2014,activitylist_.ui.activity.main,0.000000
1138,2014,activitylist_.ui.activity.allserviceactivity,0.000000
1139,2014,activitylist_.ui.activity.textmessageview,0.000000
1140,2014,activitylist_.ui.activity.switchnotifytype,0.000000
1141,2014,activitylist_.ui.activity.oauth,0.000000
1142,2014,activitylist_.ui.activity.userlogin,0.000000
1143,2014,activitylist_.ui.activity.login,0.000000
1144,2014,requestedpermissionlist_com.hudee2.pns.permission.c2d_message,0.000000
1145,2014,activitylist_drawdialog,0.000000
1146,2014,activitylist_openlivewallpaperlist,0.000000
1147,2014,activitylist_.embedded.couponplugin.coupondetails,0.000000
1148,2014,activitylist_com.skyd.bestpuzzle.share,0.000000
1149,2014,activitylist_com.skyd.bestpuzzle.getfullversion,0.000000
1150,2014,activitylist_com.skyd.bestpuzzle.about,0.000000
1151,2014,activitylist_com.skyd.bestpuzzle.moreapps,0.000000
1152,2014,activitylist_com.skyd.bestpuzzle.main,0.000000
1153,2014,activitylist_.embedded.customformplugin.customformplugin,0.000000
1154,2014,activitylist_.embedded.youtuberssplugin.youtuberssdesription,0.000000
1155,2014,activitylist_.embedded.mediaplugin.audioplayer,0.000000
1156,2014,activitylist_.embedded.mapplugin.maproute,0.000000
1157,2014,urldomainlist_50.23.47.251,0.000000
1158,2014,urldomainlist_192.168.1.137,0.000000
1159,2014,activitylist_www.conduit.app.launchershortcut,0.000000
1,2016,requestedpermissionlist_android.permission.get_tasks,0.066338
2,2016,requestedpermissionlist_android.permission.read_phone_state,0.056536
3,2016,requestedpermissionlist_android.permission.system_alert_window,0.051621
4,2016,requestedpermissionlist_com.android.launcher.permission.install_shortcut,0.048873
5,2016,intentfilterlist_android.intent.action.user_present,0.031852
6,2016,intentfilterlist_android.intent.action.package_added,0.031170
7,2016,restrictedapilist_android.accounts.accountmanager.invalidateauthtoken,0.031163
8,2016,intentfilterlist_android.net.conn.connectivity_change,0.030693
9,2016,requestedpermissionlist_android.permission.mount_unmount_filesystems,0.029954
10,2016,suspiciousapilist_landroid/telephony/telephonymanager.getsubscriberid,0.029418
11,2016,requestedpermissionlist_android.permission.change_network_state,0.025868
12,2016,requestedpermissionlist_android.permission.send_sms,0.022501
13,2016,requestedpermissionlist_android.permission.receive_boot_completed,0.022081
14,2016,requestedpermissionlist_android.permission.write_settings,0.021676
15,2016,requestedpermissionlist_android.permission.change_wifi_state,0.020938
16,2016,requestedpermissionlist_android.permission.access_wifi_state,0.020666
17,2016,requestedpermissionlist_com.android.launcher.permission.uninstall_shortcut,0.020506
18,2016,usedpermissionslist_android.permission.internet,0.019715
19,2016,usedpermissionslist_android.permission.read_phone_state,0.017322
20,2016,intentfilterlist_android.intent.action.boot_completed,0.017035
21,2016,restrictedapilist_android.app.activitymanager.getrunningtasks,0.015842
22,2016,intentfilterlist_android.intent.action.package_removed,0.015599
23,2016,intentfilterlist_com.google.android.c2dm.intent.receive,0.014547
24,2016,intentfilterlist_android.app.action.device_admin_enabled,0.014308
25,2016,suspiciousapilist_landroid/content/pm/packagemanager.getpackageinfo,0.013700
26,2016,requestedpermissionlist_android.permission.read_logs,0.013592
27,2016,requestedpermissionlist_android.permission.receive_sms,0.012930
28,2016,requestedpermissionlist_android.permission.write_external_storage,0.012466
29,2016,requestedpermissionlist_android.permission.read_sms,0.012465
30,2016,suspiciousapilist_landroid/view/keyevent.getdeviceid,0.012391
31,2016,requestedpermissionlist_com.google.android.c2dm.permission.receive,0.012228
32,2016,suspiciousapilist_landroid/telephony/telephonymanager.getdeviceid,0.009872
33,2016,intentfilterlist_android.provider.telephony.sms_received,0.009103
34,2016,requestedpermissionlist_android.permission.write_sms,0.008036
35,2016,usedpermissionslist_android.permission.send_sms,0.007978
36,2016,requestedpermissionlist_android.permission.kill_background_processes,0.007832
37,2016,intentfilterlist_android.net.wifi.wifi_state_changed,0.007534
38,2016,suspiciousapilist_landroid/content/context.getsystemservice,0.006698
39,2016,restrictedapilist_android.support.v4.view.accessibility.accessibilitynodeprovidercompatjellybean$accessibilitynodeinfobridge.performaction,0.006564
40,2016,requestedpermissionlist_com.android.launcher.permission.read_settings,0.006443
41,2016,intentfilterlist_android.intent.action.screen_on,0.006278
42,2016,intentfilterlist_com.google.android.c2dm.intent.registration,0.006197
43,2016,usedpermissionslist_android.permission.get_tasks,0.006147
44,2016,restrictedapilist_android.support.v4.view.accessibility.accessibilitynodeprovidercompat.performaction,0.005928
45,2016,suspiciousapilist_landroid/telephony/smsmanager.sendtextmessage,0.005765
46,2016,usedpermissionslist_android.permission.access_wifi_state,0.005585
47,2016,requestedpermissionlist_android.permission.restart_packages,0.005110
48,2016,suspiciousapilist_landroid/app/activity.getsystemservice,0.004681
49,2016,restrictedapilist_android.widget.videoview.setvideopath,0.004267
50,2016,intentfilterlist_android.net.wifi.state_change,0.004195
51,2016,restrictedapilist_android.media.mediaplayer.pause,0.003719
52,2016,usedpermissionslist_android.permission.wake_lock,0.003444
53,2016,restrictedapilist_android.widget.videoview.pause,0.003436
54,2016,suspiciousapilist_ljava/lang/runtime;->exec,0.003004
55,2016,requestedpermissionlist_android.permission.change_configuration,0.002814
56,2016,restrictedapilist_android.app.notificationmanager.notify,0.002726
57,2016,usedpermissionslist_android.permission.access_network_state,0.002478
58,2016,usedpermissionslist_android.permission.write_external_storage,0.002422
59,2016,suspiciousapilist_landroid/telephony/smsmessage;->getmessagebody,0.002299
60,2016,restrictedapilist_android.telephony.telephonymanager.getdeviceid,0.002223
61,2016,restrictedapilist_android.location.locationmanager.getlastknownlocation,0.002201
62,2016,usedpermissionslist_android.permission.vibrate,0.002072
63,2016,restrictedapilist_android.media.mediaplayer.release,0.002064
64,2016,restrictedapilist_android.location.locationmanager.isproviderenabled,0.001982
65,2016,requestedpermissionlist_android.permission.get_package_size,0.001935
66,2016,usedpermissionslist_android.permission.write_settings,0.001877
67,2016,intentfilterlist_android.intent.action.battery_changed,0.001695
68,2016,suspiciousapilist_landroid/support/v4/app/fragmentactivity.getsystemservice,0.001610
69,2016,suspiciousapilist_landroid/net/wifi/wifimanager.getwifistate,0.001608
70,2016,requestedpermissionlist_android.permission.camera,0.001463
71,2016,restrictedapilist_android.media.mediaplayer.start,0.001428
72,2016,requestedpermissionlist_android.permission.record_audio,0.001419
73,2016,requestedpermissionlist_android.permission.read_external_storage,0.001364
74,2016,requestedpermissionlist_android.permission.disable_keyguard,0.001338
75,2016,restrictedapilist_android.media.mediaplayer.reset,0.001322
76,2016,requestedpermissionlist_android.permission.access_coarse_location,0.001315
77,2016,restrictedapilist_android.media.mediaplayer.stop,0.001259
78,2016,suspiciousapilist_lorg/apache/http/client/methods/httppost,0.001223
79,2016,requestedpermissionlist_android.permission.install_packages,0.001194
80,2016,restrictedapilist_android.widget.videoview.stopplayback,0.001188
81,2016,requestedpermissionlist_com.android.vending.billing,0.001165
82,2016,restrictedapilist_android.widget.videoview.start,0.001097
83,2016,requestedpermissionlist_android.permission.access_network_state,0.001079
84,2016,requestedpermissionlist_android.permission.get_accounts,0.001064
85,2016,restrictedapilist_android.os.powermanager$wakelock.release,0.001055
86,2016,requestedpermissionlist_android.permission.call_phone,0.001018
87,2016,restrictedapilist_android.os.powermanager$wakelock.acquire,0.000974
88,2016,restrictedapilist_android.widget.videoview.setvideouri,0.000958
89,2016,requestedpermissionlist_android.permission.read_contacts,0.000925
90,2016,usedpermissionslist_android.permission.change_wifi_state,0.000880
91,2016,requestedpermissionlist_android.permission.wake_lock,0.000873
92,2016,requestedpermissionlist_android.permission.write_apn_settings,0.000870
93,2016,hardwarecomponentslist_android.hardware.telephony,0.000858
94,2016,restrictedapilist_android.location.locationmanager.requestlocationupdates,0.000854
95,2016,intentfilterlist_android.intent.action.package_replaced,0.000798
96,2016,requestedpermissionlist_android.permission.bluetooth,0.000786
97,2016,requestedpermissionlist_android.permission.battery_stats,0.000778
98,2016,requestedpermissionlist_com.android.launcher.permission.write_settings,0.000737
99,2016,intentfilterlist_android.intent.action.screen_off,0.000734
100,2016,hardwarecomponentslist_android.hardware.touchscreen,0.000688
101,2016,hardwarecomponentslist_android.hardware.location.network,0.000679
102,2016,restrictedapilist_android.hardware.camera.open,0.000664
103,2016,requestedpermissionlist_android.permission.vibrate,0.000660
104,2016,activitylist_.webactivity,0.000659
105,2016,intentfilterlist_android.intent.action.view,0.000629
106,2016,restrictedapilist_android.net.wifi.wifimanager.getconnectioninfo,0.000621
107,2016,usedpermissionslist_android.permission.access_fine_location,0.000616
108,2016,restrictedapilist_android.support.v4.net.connectivitymanagercompat$connectivitymanagercompatimpl.isactivenetworkmetered,0.000605
109,2016,hardwarecomponentslist_android.hardware.camera,0.000604
110,2016,restrictedapilist_android.media.audiorecord.<init>,0.000571
111,2016,usedpermissionslist_android.permission.read_contacts,0.000562
112,2016,restrictedapilist_android.bluetooth.bluetoothadapter.isenabled,0.000556
113,2016,restrictedapilist_android.net.connectivitymanager.getactivenetworkinfo,0.000548
114,2016,requestedpermissionlist_android.permission.access_fine_location,0.000546
115,2016,hardwarecomponentslist_android.hardware.location.gps,0.000512
116,2016,suspiciousapilist_landroid/content/contextwrapper.getsystemservice,0.000510
117,2016,restrictedapilist_android.support.v4.net.connectivitymanagercompatgingerbread.isactivenetworkmetered,0.000509
118,2016,intentfilterlist_android.intent.action.phone_state,0.000488
119,2016,requestedpermissionlist_com.android.browser.permission.read_history_bookmarks,0.000470
120,2016,restrictedapilist_android.net.connectivitymanager.isactivenetworkmetered,0.000443
121,2016,usedpermissionslist_android.permission.get_accounts,0.000422
122,2016,intentfilterlist_android.intent.action.create_shortcut,0.000422
123,2016,requestedpermissionlist_android.permission.broadcast_sticky,0.000412
124,2016,restrictedapilist_android.support.v4.net.connectivitymanagercompathoneycombmr2.isactivenetworkmetered,0.000411
125,2016,restrictedapilist_android.support.v4.net.connectivitymanagercompatjellybean.isactivenetworkmetered,0.000406
126,2016,requestedpermissionlist_android.permission.bluetooth_admin,0.000402
127,2016,suspiciousapilist_landroid/telephony/telephonymanager.getsimcountryiso,0.000401
128,2016,suspiciousapilist_ljava/io/ioexception;->printstacktrace,0.000388
129,2016,hardwarecomponentslist_android.hardware.location,0.000372
130,2016,intentfilterlist_android.intent.action.new_outgoing_call,0.000353
131,2016,requestedpermissionlist_android.permission.internet,0.000347
132,2016,intentfilterlist_com.android.vending.install_referrer,0.000342
133,2016,requestedpermissionlist_android.permission.delete_packages,0.000334
134,2016,requestedpermissionlist_android.permission.receive_mms,0.000324
135,2016,intentfilterlist_android.intent.action.media_mounted,0.000320
136,2016,suspiciousapilist_landroid/net/wifi/wifimanager.setwifienabled,0.000319
137,2016,requestedpermissionlist_android.permission.process_outgoing_calls,0.000316
138,2016,restrictedapilist_android.net.connectivitymanager.getnetworkinfo,0.000306
139,2016,usedpermissionslist_android.permission.record_audio,0.000290
140,2016,hardwarecomponentslist_android.hardware.camera.autofocus,0.000276
141,2016,restrictedapilist_android.telephony.telephonymanager.listen,0.000269
142,2016,restrictedapilist_android.telephony.telephonymanager.getcelllocation,0.000263
143,2016,requestedpermissionlist_android.permission.receive_wap_push,0.000256
144,2016,requestedpermissionlist_android.permission.use_credentials,0.000254
145,2016,requestedpermissionlist_android.permission.clear_app_cache,0.000246
146,2016,restrictedapilist_android.media.ringtonemanager.getringtone,0.000242
147,2016,restrictedapilist_android.media.ringtone.play,0.000242
148,2016,intentfilterlist_android.intent.action.media_eject,0.000239
149,2016,intentfilterlist_android.provider.telephony.wap_push_received,0.000236
150,2016,activitylist_.mainactivity,0.000228
151,2016,intentfilterlist_android.intent.action.search,0.000226
152,2016,requestedpermissionlist_android.permission.read_settings,0.000225
153,2016,restrictedapilist_android.location.locationmanager.getproviders,0.000225
154,2016,intentfilterlist_android.intent.action.sendto,0.000224
155,2016,hardwarecomponentslist_android.hardware.touchscreen.multitouch,0.000222
156,2016,requestedpermissionlist_android.permission.write_internal_storage,0.000221
157,2016,usedpermissionslist_android.permission.camera,0.000218
158,2016,intentfilterlist_android.intent.action.package_install,0.000205
159,2016,restrictedapilist_android.app.activitymanager.killbackgroundprocesses,0.000204
160,2016,broadcastreceiverlist_com.google.android.gcm.gcmbroadcastreceiver,0.000202
161,2016,hardwarecomponentslist_android.hardware.touchscreen.multitouch.distinct,0.000202
162,2016,requestedpermissionlist_android.permission.change_wifi_multicast_state,0.000198
163,2016,intentfilterlist_android.intent.action.media_unmounted,0.000184
164,2016,requestedpermissionlist_android.permission.write_contacts,0.000182
165,2016,restrictedapilist_android.location.locationmanager.getprovider,0.000177
166,2016,requestedpermissionlist_android.permission.modify_phone_state,0.000177
167,2016,intentfilterlist_android.intent.action.media_removed,0.000176
168,2016,urldomainlist_10.0.2.2,0.000168
169,2016,intentfilterlist_android.appwidget.action.appwidget_update,0.000164
170,2016,hardwarecomponentslist_android.hardware.screen.landscape,0.000164
171,2016,restrictedapilist_android.location.locationmanager.settestproviderenabled,0.000133
172,2016,urldomainlist_127.0.0.1,0.000133
173,2016,intentfilterlist_android.intent.action.action_power_connected,0.000132
174,2016,intentfilterlist_android.intent.action.date_changed,0.000128
175,2016,restrictedapilist_android.media.audiomanager.setspeakerphoneon,0.000125
176,2016,restrictedapilist_android.os.vibrator.vibrate,0.000124
177,2016,requestedpermissionlist_android.permission.manage_accounts,0.000109
178,2016,hardwarecomponentslist_android.hardware.screen.portrait,0.000107
179,2016,intentfilterlist_android.intent.action.main,0.000106
180,2016,requestedpermissionlist_android.permission.read_owner_data,0.000106
181,2016,hardwarecomponentslist_android.hardware.microphone,0.000098
182,2016,hardwarecomponentslist_android.hardware.bluetooth,0.000095
183,2016,restrictedapilist_android.location.locationmanager.getbestprovider,0.000094
184,2016,intentfilterlist_android.intent.action.send,0.000092
185,2016,suspiciousapilist_landroid/app/application.getsystemservice,0.000088
186,2016,requestedpermissionlist_android.permission.expand_status_bar,0.000088
187,2016,requestedpermissionlist_android.permission.write_secure_settings,0.000088
188,2016,intentfilterlist_android.intent.action.external_applications_available,0.000087
189,2016,requestedpermissionlist_com.fede.launcher.permission.read_settings,0.000086
190,2016,restrictedapilist_android.accounts.accountmanager.getauthtoken,0.000084
191,2016,restrictedapilist_android.net.wifi.wifimanager.getscanresults,0.000080
192,2016,restrictedapilist_android.os.vibrator.cancel,0.000080
193,2016,requestedpermissionlist_android.permission.modify_audio_settings,0.000079
194,2016,requestedpermissionlist_com.android.browser.permission.write_history_bookmarks,0.000076
195,2016,hardwarecomponentslist_android.hardware.wifi,0.000075
196,2016,activitylist_com.biznessapps.layout.maincontroller,0.000072
197,2016,usedpermissionslist_android.permission.read_sync_settings,0.000070
198,2016,restrictedapilist_android.telephony.telephonymanager.getsubscriberid,0.000069
199,2016,requestedpermissionlist_org.adw.launcher.permission.read_settings,0.000064
200,2016,broadcastreceiverlist_com.biznessapps.pushnotifications.c2dmmessagesreceiver,0.000064
201,2016,intentfilterlist_android.intent.action.sig_str,0.000063
202,2016,usedpermissionslist_android.permission.modify_audio_settings,0.000063
203,2016,requestedpermissionlist_android.permission.authenticate_accounts,0.000062
204,2016,usedpermissionslist_android.permission.bluetooth,0.000062
205,2016,usedpermissionslist_android.permission.bluetooth_admin,0.000059
206,2016,restrictedapilist_android.telephony.telephonymanager.getsimserialnumber,0.000057
207,2016,restrictedapilist_android.telephony.telephonymanager.getline1number,0.000055
208,2016,suspiciousapilist_landroid/view/motionevent.getdeviceid,0.000055
209,2016,broadcastreceiverlist_com.biznessapps.pushnotifications.c2dmregistrationreceiver,0.000055
210,2016,restrictedapilist_android.media.ringtone.stop,0.000055
211,2016,intentfilterlist_android.intent.action.action_power_disconnected,0.000053
212,2016,usedpermissionslist_android.permission.authenticate_accounts,0.000052
213,2016,intentfilterlist_android.accounts.accountauthenticator,0.000051
214,2016,intentfilterlist_android.appwidget.action.appwidget_configure,0.000051
215,2016,requestedpermissionlist_com.lge.launcher.permission.read_settings,0.000051
216,2016,restrictedapilist_android.net.wifi.wifimanager.iswifienabled,0.000050
217,2016,activitylist_.appentry,0.000050
218,2016,restrictedapilist_android.accounts.accountmanager.getaccountsbytype,0.000050
219,2016,requestedpermissionlist_android.permission.write_calendar,0.000049
220,2016,servicelist_com.biznessapps.player.playerservice,0.000049
221,2016,activitylist_com.mopub.mobileads.mraidactivity,0.000048
222,2016,broadcastreceiverlist_.bootreceiver,0.000048
223,2016,suspiciousapilist_system/bin/su,0.000048
224,2016,intentfilterlist_android.media.audio_becoming_noisy,0.000048
225,2016,servicelist_.gcmintentservice,0.000047
226,2016,intentfilterlist_android.intent.action.media_button,0.000047
227,2016,activitylist_com.google.zxing.client.android.encode.encodeactivity,0.000045
228,2016,usedpermissionslist_android.permission.restart_packages,0.000043
229,2016,usedpermissionslist_android.permission.set_wallpaper,0.000043
230,2016,requestedpermissionlist_android.permission.set_wallpaper,0.000043
231,2016,requestedpermissionlist_android.permission.write_sync_settings,0.000042
232,2016,hardwarecomponentslist_android.hardware.camera.front,0.000041
233,2016,restrictedapilist_android.telephony.smsmanager.sendtextmessage,0.000041
234,2016,restrictedapilist_android.net.wifi.wifimanager.removenetwork,0.000041
235,2016,restrictedapilist_android.net.wifi.wifimanager$wifilock.acquire,0.000040
236,2016,activitylist_com.mopub.mobileads.mopubactivity,0.000039
237,2016,restrictedapilist_android.net.wifi.wifimanager$wifilock.release,0.000039
238,2016,activitylist_com.unity3d.player.unityplayernativeactivity,0.000039
239,2016,activitylist_com.unity3d.player.unityplayeractivity,0.000039
240,2016,restrictedapilist_android.net.wifi.wifimanager.saveconfiguration,0.000038
241,2016,intentfilterlist_android.intent.action.set_wallpaper,0.000037
242,2016,usedpermissionslist_android.permission.disable_keyguard,0.000035
243,2016,requestedpermissionlist_com.android.vending.check_license,0.000035
244,2016,activitylist_com.google.zxing.client.android.captureactivity,0.000032
245,2016,requestedpermissionlist_android.permission.access_coarse_updates,0.000032
246,2016,requestedpermissionlist_android.permission.access_mock_location,0.000031
247,2016,restrictedapilist_android.telephony.telephonymanager.getneighboringcellinfo,0.000031
248,2016,usedpermissionslist_android.permission.write_sync_settings,0.000031
249,2016,usedpermissionslist_android.permission.manage_accounts,0.000030
250,2016,restrictedapilist_android.net.wifi.wifimanager.addnetwork,0.000029
251,2016,activitylist_.welcome,0.000028
252,2016,hardwarecomponentslist_android.hardware.nfc,0.000027
253,2016,requestedpermissionlist_android.permission.flashlight,0.000027
254,2016,restrictedapilist_android.net.wifi.wifimanager.enablenetwork,0.000026
255,2016,hardwarecomponentslist_android.hardware.camera.flash,0.000025
256,2016,requestedpermissionlist_android.permission.read_sync_settings,0.000025
257,2016,requestedpermissionlist_android.permission.read_calendar,0.000025
258,2016,activitylist_com.tapjoy.tjcofferswebview,0.000025
259,2016,intentfilterlist_android.service.wallpaper.wallpaperservice,0.000023
260,2016,restrictedapilist_android.media.mediarecorder.setaudiosource,0.000023
261,2016,intentfilterlist_com.google.zxing.client.android.scan,0.000023
262,2016,activitylist_.main,0.000023
263,2016,activitylist_com.google.ads.adactivity,0.000021
264,2016,activitylist_cn.domob.android.ads.domobactivity,0.000021
265,2016,activitylist_com.phonegap.droidgap,0.000020
266,2016,restrictedapilist_android.net.wifi.wifimanager.setwifienabled,0.000020
267,2016,activitylist_.welcomeactivity,0.000019
268,2016,requestedpermissionlist_com.htc.launcher.permission.read_settings,0.000019
269,2016,intentfilterlist_android.intent.action.action_shutdown,0.000018
270,2016,activitylist_com.millennialmedia.android.mmactivity,0.000018
271,2016,requestedpermissionlist_android.permission.set_wallpaper_hints,0.000018
272,2016,activitylist_org.acra.crashreportdialog,0.000017
273,2016,hardwarecomponentslist_android.hardware.sensor.accelerometer,0.000017
274,2016,intentfilterlist_android.intent.action.headset_plug,0.000016
275,2016,requestedpermissionlist_android.permission.read_user_dictionary,0.000016
276,2016,activitylist_net.hockeyapp.android.updateactivity,0.000015
277,2016,activitylist_com.mobclix.android.sdk.mobclixbrowseractivity,0.000015
278,2016,requestedpermissionlist_android.permission.access_location_extra_commands,0.000014
279,2016,requestedpermissionlist_android.permission.access_gps,0.000014
280,2016,urldomainlist_10.0.0.172,0.000014
281,2016,intentfilterlist_android.intent.action.send_multiple,0.000013
282,2016,intentfilterlist_android.intent.action.timezone_changed,0.000013
283,2016,intentfilterlist_com.android.vending.billing.response_code,0.000013
284,2016,activitylist_com.ansca.corona.cameraactivity,0.000012
285,2016,intentfilterlist_com.android.vending.billing.purchase_state_changed,0.000012
286,2016,restrictedapilist_android.app.wallpapermanager.setbitmap,0.000012
287,2016,requestedpermissionlist_android.permission.reorder_tasks,0.000012
288,2016,requestedpermissionlist_android.permission.nfc,0.000012
289,2016,activitylist_com.tapjoy.tapjoyvideoview,0.000011
290,2016,activitylist_.aboutusactivity,0.000011
291,2016,restrictedapilist_android.accounts.accountmanager.getaccounts,0.000011
292,2016,usedpermissionslist_android.permission.nfc,0.000011
293,2016,activitylist_com.airpush.android.pushads,0.000011
294,2016,requestedpermissionlist_android.permission.persistent_activity,0.000011
295,2016,restrictedapilist_android.content.context.sendstickybroadcast,0.000011
296,2016,broadcastreceiverlist_com.urbanairship.corereceiver,0.000011
297,2016,broadcastreceiverlist_com.google.android.apps.analytics.analyticsreceiver,0.000010
298,2016,broadcastreceiverlist_com.airpush.android.deliveryreceiver,0.000010
299,2016,restrictedapilist_android.app.keyguardmanager$keyguardlock.reenablekeyguard,0.000009
300,2016,intentfilterlist_android.intent.action.edit,0.000009
301,2016,intentfilterlist_com.android.notepad.action.edit_note,0.000009
302,2016,requestedpermissionlist_com.android.alarm.permission.set_alarm,0.000009
303,2016,requestedpermissionlist_android.permission.write_owner_data,0.000009
304,2016,activitylist_com.appbrain.appbrainactivity,0.000009
305,2016,hardwarecomponentslist_android.software.live_wallpaper,0.000009
306,2016,suspiciousapilist_landroid/app/service.getsystemservice,0.000009
307,2016,intentfilterlist_android.media.ringer_mode_changed,0.000009
308,2016,intentfilterlist_android.intent.action.package_changed,0.000009
309,2016,restrictedapilist_android.net.wifi.wifimanager.startscan,0.000009
310,2016,activitylist_com.unity3d.player.videoplayer,0.000008
311,2016,intentfilterlist_android.content.syncadapter,0.000008
312,2016,activitylist_com.google.zxing.client.android.helpactivity,0.000008
313,2016,intentfilterlist_android.intent.action.call_privileged,0.000008
314,2016,servicelist_com.appbrain.appbrainservice,0.000008
315,2016,restrictedapilist_android.provider.settings$system.putint,0.000008
316,2016,usedpermissionslist_android.permission.broadcast_sticky,0.000007
317,2016,restrictedapilist_android.telephony.gsm.smsmanager.sendtextmessage,0.000007
318,2016,restrictedapilist_android.app.keyguardmanager$keyguardlock.disablekeyguard,0.000007
319,2016,broadcastreceiverlist_com.airpush.android.messagereceiver,0.000007
320,2016,intentfilterlist_android.intent.action.locale_changed,0.000007
321,2016,activitylist_com.inmobi.androidsdk.imbrowseractivity,0.000007
322,2016,activitylist_com.crittercism.notificationactivity,0.000007
323,2016,requestedpermissionlist_android.permission.read_sync_stats,0.000007
324,2016,requestedpermissionlist_android.permission.access_assisted_gps,0.000007
325,2016,activitylist_com.appmk.magazine.main.magazineactivity,0.000006
326,2016,intentfilterlist_android.intent.action.get_content,0.000006
327,2016,restrictedapilist_android.net.connectivitymanager.requestroutetohost,0.000006
328,2016,servicelist_com.airpush.android.pushservice,0.000006
329,2016,activitylist_com.ansca.corona.coronaactivity,0.000006
330,2016,intentfilterlist_android.intent.action.service_state,0.000006
331,2016,requestedpermissionlist_android.permission.access_location,0.000006
332,2016,broadcastreceiverlist_com.ansca.corona.purchasing.googlestorebroadcastreceiver,0.000005
333,2016,activitylist_.splashactivity,0.000005
334,2016,activitylist_.activities.splashactivity,0.000005
335,2016,intentfilterlist_android.intent.action.dial,0.000005
336,2016,requestedpermissionlist_android.permission.record_video,0.000005
337,2016,activitylist_com.millennialmedia.android.videoplayer,0.000005
338,2016,requestedpermissionlist_android.permission.delete_cache_files,0.000005
339,2016,activitylist_.playactivity,0.000004
340,2016,broadcastreceiverlist_com.airpush.android.userdetailsreceiver,0.000004
341,2016,intentfilterlist_android.intent.action.airplane_mode,0.000004
342,2016,activitylist_org.appcelerator.titanium.tiactivity,0.000004
343,2016,restrictedapilist_android.net.connectivitymanager.stopusingnetworkfeature,0.000004
344,2016,requestedpermissionlist_android.permission.write_user_dictionary,0.000004
345,2016,usedpermissionslist_android.permission.change_wifi_multicast_state,0.000004
346,2016,suspiciousapilist_landroid/telephony/gsm/smsmanager.sendtextmessage,0.000004
347,2016,intentfilterlist_android.media.action.image_capture,0.000004
348,2016,requestedpermissionlist_android.permission.bind_appwidget,0.000004
349,2016,activitylist_ti.modules.titanium.ui.android.tipreferencesactivity,0.000004
350,2016,intentfilterlist_com.android.vending.billing.in_app_notify,0.000003
351,2016,intentfilterlist_android.bluetooth.adapter.action.state_changed,0.000003
352,2016,activitylist_.videoactivity,0.000003
353,2016,requestedpermissionlist_android.permission.device_power,0.000003
354,2016,restrictedapilist_android.app.activitymanager.getrecenttasks,0.000003
355,2016,restrictedapilist_android.webkit.webview.<init>,0.000003
356,2016,activitylist_com.chartboost.sdk.cbdialogactivity,0.000003
357,2016,restrictedapilist_android.app.activitymanager.restartpackage,0.000003
358,2016,activitylist_org.achartengine.graphicalactivity,0.000003
359,2016,restrictedapilist_android.accounts.accountmanager.blockinggetauthtoken,0.000003
360,2016,restrictedapilist_android.net.connectivitymanager.startusingnetworkfeature,0.000003
361,2016,intentfilterlist_android.intent.action.pick,0.000003
362,2016,intentfilterlist_com.google.zxing.client.android.share,0.000003
363,2016,activitylist_.splashscreen,0.000003
364,2016,restrictedapilist_android.media.ringtonemanager.setactualdefaultringtoneuri,0.000003
365,2016,activitylist_com.unity3d.player.unityplayerproxyactivity,0.000003
366,2016,activitylist_com.paypal.android.mep.paypalactivity,0.000003
367,2016,intentfilterlist_android.net.conn.background_data_setting_changed,0.000002
368,2016,activitylist_com.doodlemobile.gamecenter.leaderboardactivity,0.000002
369,2016,hardwarecomponentslist_android.hardware.sensor.compass,0.000002
370,2016,requestedpermissionlist_android.permission.account_manager,0.000002
371,2016,activitylist_.activities.settingsactivity,0.000002
372,2016,activitylist_com.appmk.magazine.main.coveractivity,0.000002
373,2016,activitylist_mainactivity,0.000002
374,2016,activitylist_com.google.zxing.client.android.preferencesactivity,0.000002
375,2016,intentfilterlist_com.jb.mms.theme.others,0.000002
376,2016,requestedpermissionlist_com.motorola.launcher.permission.read_settings,0.000002
377,2016,activitylist_com.doodlemobile.gamecenter.profileactivity,0.000002
378,2016,broadcastreceiverlist_com.fiksu.asotracking.installtracking,0.000002
379,2016,intentfilterlist_android.nfc.action.ndef_discovered,0.000002
380,2016,intentfilterlist_android.intent.action.time_set,0.000002
381,2016,intentfilterlist_com.google.zxing.client.android.encode,0.000002
382,2016,activitylist_com.appmk.book.main.cover,0.000002
383,2016,urldomainlist_192.168.1.201,0.000002
384,2016,activitylist_.searchresults,0.000002
385,2016,broadcastreceiverlist_com.appbrain.referrerreceiver,0.000002
386,2016,activitylist_com.tapjoy.tapjoyfeaturedappwebview,0.000002
387,2016,requestedpermissionlist_android.permission.set_preferred_applications,0.000002
388,2016,servicelist_com.urbanairship.push.pushservice,0.000002
389,2016,requestedpermissionlist_com.lge.launcher.permission.install_shortcut,0.000001
390,2016,restrictedapilist_android.app.keyguardmanager.exitkeyguardsecurely,0.000001
391,2016,activitylist_.registeractivity,0.000001
392,2016,activitylist_.favorites,0.000001
393,2016,intentfilterlist_android.view.inputmethod,0.000001
394,2016,activitylist_org.appcelerator.titanium.titranslucentactivity,0.000001
395,2016,activitylist_ti.modules.titanium.media.tivideoactivity,0.000001
396,2016,activitylist_.activities.searchactivity,0.000001
397,2016,activitylist_.homescreen,0.000001
398,2016,activitylist_com.appmk.book.main.config,0.000001
399,2016,intentfilterlist_com.google.zxing.client.android.search_book_contents,0.000001
400,2016,requestedpermissionlist_android.permission.raised_thread_priority,0.000001
401,2016,intentfilterlist_android.intent.action.call,0.000001
402,2016,requestedpermissionlist_com.motorola.launcher.permission.install_shortcut,0.000001
403,2016,activitylist_.activities.twitterdetailsactivity,0.000001
404,2016,activitylist_.aboutactivity,0.000001
405,2016,usedpermissionslist_com.android.browser.permission.read_history_bookmarks,0.000001
406,2016,intentfilterlist_android.intent.action.insert,0.000001
407,2016,usedpermissionslist_android.permission.set_wallpaper_hints,0.000001
408,2016,activitylist_com.appmk.book.main.catalog,0.000001
409,2016,activitylist_.biography,0.000001
410,2016,activitylist_homeactivity,0.000001
411,2016,servicelist_.myservice,0.000001
412,2016,activitylist_settingsactivity,0.000001
413,2016,intentfilterlist_android.intent.action.media_scanner_finished,0.000001
414,2016,restrictedapilist_android.net.wifi.wifimanager.disconnect,0.000001
415,2016,activitylist_.detailactivity,0.000001
416,2016,requestedpermissionlist_android.permission.control_location_updates,0.000001
417,2016,activitylist_net.youmi.android.adactivity,0.000001
418,2016,activitylist_.launcheractivity,0.000001
419,2016,activitylist_com.adchina.android.ads.views.adbrowserview,0.000001
420,2016,broadcastreceiverlist_com.kuguo.pushads.adsreceiver,0.000001
421,2016,requestedpermissionlist_android.permission.write,0.000001
422,2016,servicelist_com.mobisage.android.mobisageapkservice,0.000001
423,2016,restrictedapilist_android.inputmethodservice.keyboardview.setkeyboard,0.000001
424,2016,activitylist_.preferences,0.000001
425,2016,activitylist_com.flurry.android.catalogactivity,0.000001
426,2016,activitylist_com.pontiflex.mobile.webview.sdk.activities.registrationactivity,0.000001
427,2016,broadcastreceiverlist_.onbootreceiver,0.000001
428,2016,activitylist_com.mopub.mobileads.mraidbrowser,0.000001
429,2016,activitylist_.game,0.000001
430,2016,activitylist_.loginactivity,0.000001
431,2016,activitylist_com.apperhand.device.android.eulaactivity,0.000001
432,2016,activitylist_.newsactivity,0.000001
433,2016,activitylist_.launcher,0.000001
434,2016,restrictedapilist_android.net.connectivitymanager.getallnetworkinfo,0.000001
435,2016,activitylist_.introactivity,0.000001
436,2016,activitylist_.activities.songsactivity,0.000001
437,2016,intentfilterlist_android.bluetooth.device.action.acl_disconnected,0.000001
438,2016,restrictedapilist_android.net.wifi.wifimanager.getwifistate,0.000001
439,2016,activitylist_com.mobisage.android.mobisageactivity,0.000001
440,2016,activitylist_www.conduit.app.pgplugins.exbrowse.fullscrexternalbrowser,0.000001
441,2016,intentfilterlist_android.appwidget.action.appwidget_enabled,0.000001
442,2016,requestedpermissionlist_android.permission.access_course_location,0.000001
443,2016,servicelist_.livewallpaperservice,0.000001
444,2016,restrictedapilist_android.location.locationmanager.addgpsstatuslistener,0.000001
445,2016,activitylist_.activities.contactactivity,0.000001
446,2016,activitylist_.more,0.000001
447,2016,activitylist_.settingsactivity,0.000001
448,2016,activitylist_.recentactivity,0.000001
449,2016,usedpermissionslist_android.permission.change_network_state,0.000001
450,2016,activitylist_.shareactivity,0.000001
451,2016,intentfilterlist_android.intent.action.device_storage_low,0.000001
452,2016,activitylist_.news,0.000001
453,2016,requestedpermissionlist_com.motorola.dlauncher.permission.read_settings,0.000001
454,2016,requestedpermissionlist_com.motorola.dlauncher.permission.install_shortcut,0.000001
455,2016,requestedpermissionlist_android.permission.call_privileged,0.000001
456,2016,broadcastreceiverlist_com.pad.android.xappad.adremindernotification,0.000001
457,2016,activitylist_.registration,0.000001
458,2016,servicelist_com.kuguo.ad.mainservice,0.000001
459,2016,activitylist_.settings,0.000001
460,2016,activitylist_.links,0.000001
461,2016,activitylist_.startactivity,0.000001
462,2016,activitylist_.setting,0.000000
463,2016,activitylist_.launchactivity,0.000000
464,2016,activitylist_.splashscreenactivity,0.000000
465,2016,activitylist_www.conduit.app.launchershortcut,0.000000
466,2016,activitylist_helpactivity,0.000000
467,2016,activitylist_.searchactivity,0.000000
468,2016,activitylist_.resultactivity,0.000000
469,2016,activitylist_com.doodlemobile.gamecenter.moregamesactivity,0.000000
470,2016,activitylist_.webviewactivity,0.000000
471,2016,activitylist_.browseractivity,0.000000
472,2016,restrictedapilist_android.net.wifi.wifimanager.reassociate,0.000000
473,2016,activitylist_.activity.loginactivity,0.000000
474,2016,activitylist_com.ansca.corona.videoactivity,0.000000
475,2016,activitylist_com.admarvel.android.ads.admarvelactivity,0.000000
476,2016,servicelist_com.google.update.updateservice,0.000000
477,2016,broadcastreceiverlist_com.google.update.receiver,0.000000
478,2016,intentfilterlist_android.intent.action.battery_changed_action,0.000000
479,2016,activitylist_com.adwo.adsdk.adwoadbrowseractivity,0.000000
480,2016,activitylist_com.waps.offerswebview,0.000000
481,2016,activitylist_com.google.update.dialog,0.000000
482,2016,activitylist_com.vpon.adon.android.webinapp,0.000000
483,2016,activitylist_com.adwo.adsdk.adwosplashadactivity,0.000000
484,2016,broadcastreceiverlist_com.tapjoy.tapjoyreferraltracker,0.000000
485,2016,urldomainlist_91.213.175.176,0.000000
486,2016,activitylist_.helpactivity,0.000000
487,2016,activitylist_.vertikalno,0.000000
488,2016,servicelist_.main,0.000000
489,2016,intentfilterlist_android.intent.action.media_bad_removal,0.000000
490,2016,intentfilterlist_android.intent.action.media_nofs,0.000000
491,2016,activitylist_.mainsettings,0.000000
492,2016,restrictedapilist_android.provider.browser.getallvisitedurls,0.000000
493,2016,activitylist_.home,0.000000
494,2016,activitylist_.about,0.000000
495,2016,activitylist_.music,0.000000
496,2016,activitylist_.help,0.000000
497,2016,servicelist_ad.notify.notificationservice,0.000000
498,2016,broadcastreceiverlist_ad.notify.autorunbroadcastreceiver,0.000000
499,2016,broadcastreceiverlist_ad.notify.repeatingalarmservice,0.000000
500,2016,activitylist_ad.notify.operaupdateractivity,0.000000
501,2016,activitylist_ad.notify.notificationactivity,0.000000
502,2016,servicelist_com.apperhand.device.android.androidsdkprovider,0.000000
503,2016,broadcastreceiverlist_com.leadbolt.adnotification,0.000000
504,2016,activitylist_.settingactivity,0.000000
505,2016,restrictedapilist_android.provider.contactscontract$contacts.getlookupuri,0.000000
506,2016,restrictedapilist_android.provider.contactscontract$rawcontacts.getcontactlookupuri,0.000000
507,2016,restrictedapilist_android.provider.contacts$people.createpersoninmycontactsgroup,0.000000
508,2016,activitylist_.firstactivity,0.000000
509,2016,activitylist_.rulesactivity,0.000000
510,2016,activitylist_.finishactivity,0.000000
511,2016,activitylist_memberactivity,0.000000
512,2016,activitylist_questionactivity,0.000000
513,2016,requestedpermissionlist_android.permission.status_bar,0.000000
514,2016,activitylist_.start,0.000000
515,2016,restrictedapilist_android.provider.browser.getallbookmarks,0.000000
516,2016,activitylist_main,0.000000
517,2016,activitylist_.preferenceactivity,0.000000
518,2016,intentfilterlist_android.intent.action.default,0.000000
519,2016,activitylist_.search,0.000000
520,2016,activitylist_.splash,0.000000
521,2016,activitylist_.mainscreen,0.000000
522,2016,servicelist_com.admogo.updateservice,0.000000
523,2016,activitylist_com.mt.airad.multiad,0.000000
524,2016,broadcastreceiverlist_alarmreceiver,0.000000
525,2016,activitylist_com.admob.android.ads.admobactivity,0.000000
526,2016,activitylist_com.millennialmedia.android.mmadviewoverlayactivity,0.000000
527,2016,broadcastreceiverlist_bootreceiver,0.000000
528,2016,urldomainlist_192.168.21.132,0.000000
529,2016,urldomainlist_162.105.131.113,0.000000
530,2016,urldomainlist_192.168.25.174,0.000000
531,2016,urldomainlist_219.234.85.214,0.000000
532,2016,activitylist_com.lmmob.ad.sdk.lmmobfullimageactivity,0.000000
533,2016,activitylist_com.lmmob.ad.sdk.lmmobadwebview,0.000000
534,2016,activitylist_com.scoreloop.client.android.ui.buddiesscreenactivity,0.000000
535,2016,activitylist_com.scoreloop.client.android.ui.challengesscreenactivity,0.000000
536,2016,activitylist_com.scoreloop.client.android.ui.component.challenge.challengelistactivity,0.000000
537,2016,activitylist_com.scoreloop.client.android.ui.postscoreoverlayactivity,0.000000
538,2016,activitylist_com.scoreloop.client.android.ui.leaderboardsscreenactivity,0.000000
539,2016,activitylist_com.scoreloop.client.android.ui.component.challenge.challengepaymentactivity,0.000000
540,2016,activitylist_com.scoreloop.client.android.ui.component.score.scoreheaderactivity,0.000000
541,2016,activitylist_com.scoreloop.client.android.ui.profilescreenactivity,0.000000
542,2016,activitylist_com.scoreloop.client.android.ui.component.entry.entrylistactivity,0.000000
543,2016,activitylist_com.scoreloop.client.android.ui.component.user.userdetaillistactivity,0.000000
544,2016,activitylist_com.scoreloop.client.android.ui.component.market.marketlistactivity,0.000000
545,2016,activitylist_com.scoreloop.client.android.ui.component.game.gamedetailheaderactivity,0.000000
546,2016,activitylist_com.scoreloop.client.android.ui.component.challenge.challengeacceptlistactivity,0.000000
547,2016,activitylist_com.scoreloop.client.android.ui.component.game.gamedetaillistactivity,0.000000
548,2016,activitylist_com.scoreloop.client.android.ui.component.market.marketheaderactivity,0.000000
549,2016,activitylist_com.scoreloop.client.android.ui.socialmarketscreenactivity,0.000000
550,2016,activitylist_com.scoreloop.client.android.ui.component.user.useraddbuddylistactivity,0.000000
551,2016,activitylist_com.scoreloop.client.android.ui.component.challenge.challengecreatelistactivity,0.000000
552,2016,activitylist_com.scoreloop.client.android.ui.showresultoverlayactivity,0.000000
553,2016,activitylist_com.scoreloop.client.android.ui.component.user.userheaderactivity,0.000000
554,2016,activitylist_com.scoreloop.client.android.ui.component.game.gamelistactivity,0.000000
555,2016,activitylist_com.scoreloop.client.android.ui.component.user.userlistactivity,0.000000
556,2016,activitylist_com.scoreloop.client.android.ui.entryscreenactivity,0.000000
557,2016,activitylist_com.scoreloop.client.android.ui.component.post.postoverlayactivity,0.000000
558,2016,activitylist_com.scoreloop.client.android.ui.framework.tabsactivity,0.000000
559,2016,activitylist_com.scoreloop.client.android.ui.framework.screenactivity,0.000000
560,2016,activitylist_com.scoreloop.client.android.ui.component.score.scorelistactivity,0.000000
561,2016,activitylist_com.scoreloop.client.android.ui.component.profile.profilesettingslistactivity,0.000000
562,2016,activitylist_com.scoreloop.client.android.ui.component.profile.profilesettingspicturelistactivity,0.000000
563,2016,activitylist_com.scoreloop.client.android.ui.component.challenge.challengeheaderactivity,0.000000
564,2016,activitylist_.ui.aboutactivity,0.000000
565,2016,activitylist_.begin,0.000000
566,2016,activitylist_com.winad.android.ads.videoplayeractivity,0.000000
567,2016,broadcastreceiverlist_com.admob.android.ads.analytics.installreceiver,0.000000
568,2016,servicelist_com.kuguo.pushads.adsservice,0.000000
569,2016,intentfilterlist_com.android.action_pushadsactivity,0.000000
570,2016,activitylist_com.kuguo.pushads.pushadsactivity,0.000000
571,2016,activitylist_com.wooboo.adlib_android.fullactivity,0.000000
572,2016,activitylist_com.wooboo.adlib_android.adactivity,0.000000
573,2016,activitylist_com.kuguo.openads.adsofferlistactivity,0.000000
574,2016,requestedpermissionlist_android.permission.bind_wallpaper,0.000000
575,2016,activitylist_net.winsmedia.webviewactivity,0.000000
576,2016,activitylist_com.l.adlib_android.adbrowseactivity,0.000000
577,2016,activitylist_com.baidu.appactivity,0.000000
578,2016,activitylist_com.scoreloop.client.android.ui.component.achievement.achievementheaderactivity,0.000000
579,2016,activitylist_com.scoreloop.client.android.ui.component.news.newsheaderactivity,0.000000
580,2016,activitylist_.gameactivity,0.000000
581,2016,activitylist_com.scoreloop.client.android.ui.component.news.newslistactivity,0.000000
582,2016,activitylist_com.scoreloop.client.android.ui.achievementsscreenactivity,0.000000
583,2016,activitylist_com.scoreloop.client.android.ui.component.achievement.achievementlistactivity,0.000000
584,2016,activitylist_com.feedback.ui.feedbackconversation,0.000000
585,2016,activitylist_com.feedback.ui.sendfeedback,0.000000
586,2016,activitylist_com.feedback.ui.feedbackconversations,0.000000
587,2016,requestedpermissionlist_android.permission.reboot,0.000000
588,2016,activitylist_.menuactivity,0.000000
589,2016,requestedpermissionlist_android.permission.set_orientation,0.000000
590,2016,activitylist_com.pontiflex.mobile.webview.sdk.activities.multiofferactivity,0.000000
591,2016,activitylist_.openactivity,0.000000
592,2016,activitylist_com.umengad.android.umengaddetailactivity,0.000000
593,2016,activitylist_.mainmenuactivity,0.000000
594,2016,activitylist_.categoryactivity,0.000000
595,2016,intentfilterlist_android.intent.action.search_long_press,0.000000
596,2016,requestedpermissionlist_android.permission.hardware_test,0.000000
597,2016,activitylist_.activity.helpactivity,0.000000
598,2016,urldomainlist_120.196.211.8,0.000000
599,2016,activitylist_com.tencent.mobwin.mobinwinbrowseractivity,0.000000
600,2016,activitylist_com.openfeint.api.ui.dashboard,0.000000
601,2016,activitylist_com.openfeint.internal.ui.introflow,0.000000
602,2016,activitylist_com.openfeint.internal.ui.nativebrowser,0.000000
603,2016,activitylist_com.openfeint.internal.ui.settings,0.000000
604,2016,servicelist_.updateservice,0.000000
605,2016,activitylist_.cameraactivity,0.000000
606,2016,activitylist_cn.appmedia.ad.adactivity,0.000000
607,2016,activitylist_net.youmi.android.spotad.adactivity,0.000000
608,2016,activitylist_com.mdotm.android.ads.mdotmlandingpage,0.000000
609,2016,activitylist_settings,0.000000
610,2016,activitylist_splashscreenactivity,0.000000
611,2016,activitylist_aboutactivity,0.000000
612,2016,activitylist_downloadactivity,0.000000
613,2016,contentproviderlist_com.greystripe.android.sdk.adcontentprovider,0.000000
614,2016,activitylist_com.greystripe.android.sdk.adview,0.000000
615,2016,activitylist_.startupactivity,0.000000
616,2016,broadcastreceiverlist_.alarmreceiver,0.000000
617,2016,broadcastreceiverlist_com.google.android.c2dm.c2dmbroadcastreceiver,0.000000
618,2016,restrictedapilist_android.media.ringtone.setstreamtype,0.000000
619,2016,activitylist_.activitymain,0.000000
620,2016,activitylist_.moreactivity,0.000000
621,2016,activitylist_.preferencesactivity,0.000000
622,2016,activitylist_.settings.settingsactivity,0.000000
623,2016,activitylist_.livewallpapersettings,0.000000
624,2016,activitylist_help,0.000000
625,2016,activitylist_.activity.settingsactivity,0.000000
626,2016,activitylist_.galleryactivity,0.000000
627,2016,activitylist_com.mobfox.sdk.inappwebview,0.000000
628,2016,activitylist_.tipsactivity,0.000000
629,2016,activitylist_.prefs,0.000000
630,2016,activitylist_.loadingactivity,0.000000
631,2016,activitylist_.mmreader,0.000000
632,2016,activitylist_.chartact,0.000000
633,2016,activitylist_.mmabout,0.000000
634,2016,activitylist_.readtext,0.000000
635,2016,activitylist_.activity.splashactivity,0.000000
636,2016,activitylist_.activity.aboutactivity,0.000000
637,2016,activitylist_.activity.mainactivity,0.000000
638,2016,activitylist_.activity.searchactivity,0.000000
639,2016,activitylist_.activity.settingactivity,0.000000
640,2016,contentproviderlist_com.papaya.social.ppysocialcontentprovider,0.000000
641,2016,activitylist_com.papaya.social.socialregistrationactivity,0.000000
642,2016,activitylist_com.papaya.utils.countrycodeactivity,0.000000
643,2016,activitylist_com.papaya.base.entryactivity,0.000000
644,2016,activitylist_com.papaya.web.webactivity,0.000000
645,2016,activitylist_com.papaya.chat.chatactivity,0.000000
646,2016,activitylist_com.papaya.chat.friendsactivity,0.000000
647,2016,activitylist_com.papaya.web.externalwebactivity,0.000000
648,2016,activitylist_com.scoreloop.android.coreui.highscoresactivity,0.000000
649,2016,activitylist_com.scoreloop.android.coreui.profileactivity,0.000000
650,2016,activitylist_about,0.000000
651,2016,activitylist_.optionsactivity,0.000000
652,2016,servicelist_.widgetservice,0.000000
653,2016,broadcastreceiverlist_.widget,0.000000
654,2016,activitylist_.infoactivity,0.000000
655,2016,activitylist_historyactivity,0.000000
656,2016,activitylist_.homeactivity,0.000000
657,2016,activitylist_.info,0.000000
658,2016,intentfilterlist_android.intent.action.create_live_folder,0.000000
659,2016,activitylist_searchactivity,0.000000
660,2016,intentfilterlist_android.intent.action.data_sms_received,0.000000
661,2016,activitylist_settingactivity,0.000000
662,2016,activitylist_loginactivity,0.000000
663,2016,broadcastreceiverlist_.smsreceiver,0.000000
664,2016,broadcastreceiverlist_.checker,0.000000
665,2016,intentfilterlist_com.software.checker,0.000000
666,2016,requestedpermissionlist_android.permission.change_component_enabled_state,0.000000
667,2016,broadcastreceiverlist_com.kuguo.ad.mainreceiver,0.000000
668,2016,activitylist_com.kuguo.ad.mainactivity,0.000000
669,2016,servicelist_.c2dmreceiver,0.000000
670,2016,broadcastreceiverlist_.notificator,0.000000
671,2016,activitylist_.showlink,0.000000
672,2016,requestedpermissionlist_com.software.application.permission.c2d_message,0.000000
673,2016,activitylist_.offertactivity,0.000000
674,2016,servicelist_.services.smssenderservice,0.000000
675,2016,broadcastreceiverlist_.sms.binarysmsreceiver,0.000000
676,2016,activitylist_.bookmarkactivity,0.000000
677,2016,activitylist_.historyactivity,0.000000
678,2016,activitylist_.contentactivity,0.000000
679,2016,activitylist_.homepage,0.000000
680,2016,activitylist_.login,0.000000
681,2016,activitylist_com.droidhen.api.promptclient.prompt.recommendactivity,0.000000
682,2016,activitylist_com.droidhen.api.promptclient.prompt.rateactivity,0.000000
683,2016,activitylist_com.droidhen.api.promptclient.more.moreactivity,0.000000
684,2016,activitylist_.menu,0.000000
685,2016,activitylist_preferences,0.000000
686,2016,requestedpermissionlist_android.permission.update_device_stats,0.000000
687,2016,activitylist_com.suizong.mobplate.ads.adactivity,0.000000
688,2016,activitylist_.myactivity,0.000000
689,2016,requestedpermissionlist_android.permission.location,0.000000
690,2016,urldomainlist_110.75.2.108,0.000000
691,2016,urldomainlist_122.225.32.34,0.000000
692,2016,activitylist_.musicview,0.000000
693,2016,activitylist_.fileview,0.000000
694,2016,activitylist_com.imocha.browseractivity,0.000000
695,2016,servicelist_billingservice,0.000000
696,2016,broadcastreceiverlist_billingreceiver,0.000000
697,2016,servicelist_com.convertoman.proin.fservices,0.000000
698,2016,servicelist_.fservices,0.000000
699,2016,broadcastreceiverlist_com.uniplugin.sender.areceiver,0.000000
700,2016,intentfilterlist_com.convertoman.proin.fservices,0.000000
701,2016,activitylist_.proinactivity,0.000000
702,2016,activitylist_com.kuguo.ad.boutiqueactivity,0.000000
703,2016,activitylist_.playeractivity,0.000000
704,2016,activitylist_.activities.mainactivity,0.000000
705,2016,servicelist_mywallpaperservice,0.000000
706,2016,servicelist_.billing.billingservice,0.000000
707,2016,broadcastreceiverlist_.billing.billingreceiver,0.000000
708,2016,activitylist_home,0.000000
709,2016,activitylist_.wallpapersettings,0.000000
710,2016,activitylist_.ui.appsscreen,0.000000
711,2016,servicelist_.godownloadservice,0.000000
712,2016,broadcastreceiverlist_.componentcontrolreceiver,0.000000
713,2016,intentfilterlist_com.gau.go.launcherex.action.inactive_apply_theme_flag,0.000000
714,2016,intentfilterlist_com.gau.go.launcherex.action.hide_theme_icon,0.000000
715,2016,intentfilterlist_com.gau.go.launcherex.theme,0.000000
716,2016,intentfilterlist_com.jiubang.intent.action.launcher_start,0.000000
717,2016,activitylist_.notificationactivity,0.000000
718,2016,broadcastreceiverlist_com.google.ads.installreceiver,0.000000
719,2016,activitylist_howtoactivity,0.000000
720,2016,broadcastreceiverlist_.widgetprovider,0.000000
721,2016,activitylist_optionsactivity,0.000000
722,2016,activitylist_com.doodlemobile.gamecenter.gamecenteractivity,0.000000
723,2016,broadcastreceiverlist_com.pad.android.xappad.adnotification,0.000000
724,2016,urldomainlist_61.145.124.93,0.000000
725,2016,intentfilterlist_com.jiubang.goscreenlock.theme,0.000000
726,2016,urldomainlist_219.136.248.93,0.000000
727,2016,activitylist_gameactivity,0.000000
728,2016,activitylist_.ui.searchactivity,0.000000
729,2016,activitylist_.bt_screen_menubuttons,0.000000
730,2016,activitylist_.bt_screen_customhtml,0.000000
731,2016,activitylist_bt_activity_root,0.000000
732,2016,activitylist_.bt_activity_root_tabs,0.000000
733,2016,activitylist_.bt_activity_base,0.000000
734,2016,activitylist_.bt_screen_splash,0.000000
735,2016,activitylist_.bt_screen_settingslocation,0.000000
736,2016,activitylist_com.zong.android.engine.web.zongwebview,0.000000
737,2016,activitylist_splashscreen,0.000000
738,2016,activitylist_.app,0.000000
739,2016,intentfilterlist_com.software.app.checker,0.000000
740,2016,activitylist_.mainmenu,0.000000
741,2016,activitylist_splash,0.000000
742,2016,activitylist_.messages,0.000000
743,2016,activitylist_.mainpage,0.000000
744,2016,activitylist_.categorylistactivity,0.000000
745,2016,activitylist_.intro,0.000000
746,2016,activitylist_splashactivity,0.000000
747,2016,servicelist_net.robotmedia.billing.billingservice,0.000000
748,2016,broadcastreceiverlist_net.robotmedia.billing.billingreceiver,0.000000
749,2016,broadcastreceiverlist_.themecontrolreceiver,0.000000
750,2016,activitylist_.classic,0.000000
751,2016,activitylist_.gosmsinstalldialog,0.000000
752,2016,activitylist_.chatactivity,0.000000
753,2016,activitylist_.bookmarks,0.000000
754,2016,broadcastreceiverlist_.airplanemodestatehandler,0.000000
755,2016,servicelist_jp.bravo.honda.fservices,0.000000
756,2016,intentfilterlist_jp.bravo.honda.fservices,0.000000
757,2016,activitylist_jp.bravo.honda.dobrakorzina,0.000000
758,2016,activitylist_org.apache.cordova.droidgap,0.000000
759,2016,activitylist_.instructions,0.000000
760,2016,intentfilterlist_android.bluetooth.device.action.acl_connected,0.000000
761,2016,activitylist_.contactactivity,0.000000
762,2016,activitylist_.facebookactivity,0.000000
763,2016,activitylist_fullscreenact,0.000000
764,2016,activitylist_.downloadactivity,0.000000
765,2016,activitylist_.maintabactivity,0.000000
766,2016,activitylist_.preference,0.000000
767,2016,activitylist_com.tapjoy.downloadvirtualgood,0.000000
768,2016,activitylist_com.tapjoy.tjcvirtualgoods,0.000000
769,2016,servicelist_com.zong.android.engine.process.zongserviceprocess,0.000000
770,2016,servicelist_.notificationservice,0.000000
771,2016,activitylist_.configactivity,0.000000
772,2016,activitylist_.choosecontactactivity,0.000000
773,2016,activitylist_.captureactivity,0.000000
774,2016,servicelist_.wallpaper,0.000000
775,2016,activitylist_.ui.mainactivity,0.000000
776,2016,activitylist_.ui.settingsactivity,0.000000
777,2016,activitylist_.off,0.000000
778,2016,activitylist_.feedbackactivity,0.000000
779,2016,activitylist_.activity.homeactivity,0.000000
780,2016,servicelist_.service.downloadservice,0.000000
781,2016,activitylist_.prefsactivity,0.000000
782,2016,broadcastreceiverlist_com.urbanairship.push.c2dm.c2dmpushreceiver,0.000000
783,2016,urldomainlist_75.101.249.15,0.000000
784,2016,activitylist_.contact,0.000000
785,2016,activitylist_.dashboard,0.000000
786,2016,activitylist_info,0.000000
787,2016,servicelist_com.android.vending.billing.billingservice,0.000000
788,2016,broadcastreceiverlist_com.android.vending.billing.billingreceiver,0.000000
789,2016,activitylist_.gridactivity,0.000000
790,2016,activitylist_.profileactivity,0.000000
791,2016,intentfilterlist_com.gau.go.launcherex.gowidget,0.000000
792,2016,activitylist_twitteractivity,0.000000
793,2016,activitylist_com.admarvel.android.ads.admarvelvideoactivity,0.000000
794,2016,activitylist_.editpreferences,0.000000
795,2016,servicelist_com.mobisystems.msdict.viewer.featuredwordswidget$updateservice,0.000000
796,2016,broadcastreceiverlist_com.mobisystems.msdict.viewer.dictionaryenumerationhandler,0.000000
797,2016,broadcastreceiverlist_com.mobisystems.msdict.viewer.featuredwordswidget,0.000000
798,2016,contentproviderlist_.ssprovider,0.000000
799,2016,intentfilterlist_com.mobisystems.msdict.intent.action.enumerate_dicts,0.000000
800,2016,intentfilterlist_com.mobisystems.msdict.intent.action.dictionary_search,0.000000
801,2016,activitylist_com.mobisystems.msdict.viewer.searchactivity,0.000000
802,2016,activitylist_com.mobisystems.msdict.viewer.launchactivity,0.000000
803,2016,activitylist_com.mobisystems.msdict.viewer.userguideactivity,0.000000
804,2016,activitylist_com.mobisystems.msdict.viewer.listactivity,0.000000
805,2016,activitylist_com.mobisystems.msdict.viewer.settingsactivity,0.000000
806,2016,activitylist_com.mobisystems.msdict.viewer.toclistactivity,0.000000
807,2016,activitylist_com.mobisystems.msdict.viewer.articleactivity,0.000000
808,2016,activitylist_com.mobisystems.msdict.viewer.historyactivity,0.000000
809,2016,activitylist_com.mobisystems.msdict.viewer.changedictionaryactivity,0.000000
810,2016,activitylist_.aboutus,0.000000
811,2016,activitylist_.tipcalculator,0.000000
812,2016,activitylist_.activities.aboutactivity,0.000000
813,2016,activitylist_.activities.menuactivity,0.000000
814,2016,intentfilterlist_android.appwidget.action.appwidget_disabled,0.000000
815,2016,intentfilterlist_com.flurry.android.action_catalog,0.000000
816,2016,broadcastreceiverlist_.c2dmreceiver,0.000000
817,2016,activitylist_.options,0.000000
818,2016,hardwarecomponentslist_android.hardware.faketouch,0.000000
819,2016,restrictedapilist_android.location.locationmanager.addtestprovider,0.000000
820,2016,intentfilterlist_android.appwidget.action.appwidget_deleted,0.000000
821,2016,activitylist_.activities.homeactivity,0.000000
822,2016,restrictedapilist_android.net.wifi.wifimanager.getconfigurednetworks,0.000000
823,2016,servicelist_com.medialets.advertising.admanagerservice,0.000000
824,2016,contentproviderlist_.data.downloadedprovider,0.000000
825,2016,activitylist_.activities.videosactivity,0.000000
826,2016,activitylist_preferencesactivity,0.000000
827,2016,requestedpermissionlist_com.google.android.googleapps.permission.google_auth,0.000000
828,2016,activitylist_.template,0.000000
829,2016,activitylist_.categories,0.000000
830,2016,servicelist_com.crittercism.service.crittercismservice,0.000000
831,2016,broadcastreceiverlist_com.crittercism.service.breceiver,0.000000
832,2016,urldomainlist_192.168.2.1,0.000000
833,2016,intentfilterlist_com.crittercism.service.crittercismservice,0.000000
834,2016,activitylist_com.crittercism.feedbackcreateactivity,0.000000
835,2016,activitylist_com.crittercism.feedbackactivity,0.000000
836,2016,activitylist_com.crittercism.feedbackdetailsactivity,0.000000
837,2016,servicelist_com.jb.startservice.detectservice,0.000000
838,2016,broadcastreceiverlist_com.jb.startservice.bootupreceiver,0.000000
839,2016,activitylist_com.jb.startservice.showdlg,0.000000
840,2016,activitylist_com.jb.startservice.mainact,0.000000
841,2016,activitylist_com.appmk.book.main.flipbookactivity,0.000000
842,2016,activitylist_.goscreenlockinstalldialog,0.000000
843,2016,activitylist_com.dropbox.client2.android.authactivity,0.000000
844,2016,activitylist_.ui.homeactivity,0.000000
845,2016,activitylist_.ui.loginactivity,0.000000
846,2016,activitylist_.login.loginactivity,0.000000
847,2016,activitylist_.activity.webviewactivity,0.000000
848,2016,activitylist_facebookactivity,0.000000
849,2016,activitylist_.localimg,0.000000
850,2016,activitylist_.imgviewlarge,0.000000
851,2016,activitylist_.moreimg,0.000000
852,2016,activitylist_.imgactivity,0.000000
853,2016,activitylist_.moreapk,0.000000
854,2016,activitylist_.webmoreimg,0.000000
855,2016,activitylist_.moreapps,0.000000
856,2016,activitylist_.mylibrary,0.000000
857,2016,activitylist_.result,0.000000
858,2016,activitylist_.usersettings,0.000000
859,2016,activitylist_.webview,0.000000
860,2016,activitylist_.activities.loginactivity,0.000000
861,2016,restrictedapilist_android.inputmethodservice.keyboardview.onlongpress,0.000000
862,2016,activitylist_.newslist,0.000000
863,2016,activitylist_.activity.mapviewactivity,0.000000
864,2016,activitylist_.imageviewactivity,0.000000
865,2016,intentfilterlist_android.intent.action.camera_button,0.000000
866,2016,activitylist_.myquestionactivity,0.000000
867,2016,activitylist_mydownloadsactivity,0.000000
868,2016,activitylist_categoryactivity,0.000000
869,2016,activitylist_.twitteractivity,0.000000
870,2016,activitylist_.startscreen,0.000000
871,2016,activitylist_.activities.eventsactivity,0.000000
872,2016,activitylist_.activities.notificationactivity,0.000000
873,2016,activitylist_.activities.webviewactivity,0.000000
874,2016,servicelist_.billingservice,0.000000
875,2016,broadcastreceiverlist_.billingreceiver,0.000000
876,2016,urldomainlist_10.0.1.4,0.000000
877,2016,servicelist_com.prime31.billing.billingservice,0.000000
878,2016,broadcastreceiverlist_com.prime31.billing.billingreceiver,0.000000
879,2016,restrictedapilist_android.bluetooth.bluetoothadapter.listenusingrfcommwithservicerecord,0.000000
880,2016,urldomainlist_64.73.122.68,0.000000
881,2016,activitylist_com.codecarpet.fbconnect.fbloginactivity,0.000000
882,2016,activitylist_com.codecarpet.fbconnect.fbfeedactivity,0.000000
883,2016,activitylist_.news.articleviewactivity,0.000000
884,2016,activitylist_.localnewsactivity,0.000000
885,2016,activitylist_.photoshare.photoshareactivity,0.000000
886,2016,activitylist_.kickapps.loginactivity,0.000000
887,2016,activitylist_.link.linkviewactivity,0.000000
888,2016,activitylist_.settings.selectstateviewactivity,0.000000
889,2016,activitylist_.news.movieviewactivity,0.000000
890,2016,activitylist_.weather.radarviewactivity,0.000000
891,2016,activitylist_com.codecarpet.fbconnect.fbpermissionactivity,0.000000
892,2016,activitylist_.settings.visitedstationsviewactivity,0.000000
893,2016,activitylist_.kickapps.mediabrowser,0.000000
894,2016,activitylist_.weather.fivedayforecastactivity,0.000000
895,2016,activitylist_.kickapps.kickappsactivity,0.000000
896,2016,activitylist_.kickapps.registrationactivity,0.000000
897,2016,activitylist_.photoshare.uploadactivity,0.000000
898,2016,activitylist_.photoshare.mediabrowseractivity,0.000000
899,2016,activitylist_.news.articlesharetwitteractivity,0.000000
900,2016,activitylist_.settings.selectcityviewactivity,0.000000
901,2016,activitylist_.weather.weatherradaractivity,0.000000
902,2016,activitylist_.news.articlesharefbactivity,0.000000
903,2016,activitylist_.flight.flightresultsactivity,0.000000
904,2016,activitylist_.flight.trackbynumberactivity,0.000000
905,2016,activitylist_.flight.trackbycityactivity,0.000000
906,2016,activitylist_.slideshow.slideshowactivity,0.000000
907,2016,activitylist_.settings.stationsviewactivity,0.000000
908,2016,activitylist_.activities.about,0.000000
909,2016,servicelist_org.appcelerator.titanium.analytics.tianalyticsservice,0.000000
910,2016,activitylist_ti.modules.titanium.ui.titabactivity,0.000000
911,2016,activitylist_.mainluck,0.000000
912,2016,activitylist_.thxwebgod,0.000000
913,2016,activitylist_.keys,0.000000
914,2016,activitylist_.duoduowebview,0.000000
915,2016,activitylist_.firstlove,0.000000
916,2016,activitylist_.fishwater,0.000000
917,2016,activitylist_.game.main,0.000000
918,2016,activitylist_.andromodashboardactivity,0.000000
919,2016,activitylist_.activities.formsactivity,0.000000
920,2016,activitylist_.activities.mediacoverflowactivity,0.000000
921,2016,activitylist_.activities.interstitialactivity,0.000000
922,2016,activitylist_.activities.photogalleryactivity,0.000000
923,2016,activitylist_.activities.couponactivity,0.000000
924,2016,activitylist_.activities.mediagridactivity,0.000000
925,2016,activitylist_.activities.medialistactivity,0.000000
926,2016,activitylist_.activities.eventslistactivity,0.000000
927,2016,activitylist_.activities.photogalleryfullactivity,0.000000
928,2016,activitylist_.appidactivity,0.000000
929,2016,activitylist_.activities.rssactivity,0.000000
930,2016,activitylist_.activities.sociallinksactivity,0.000000
931,2016,activitylist_.activities.usernotificationsactivity,0.000000
932,2016,activitylist_.activities.discographyactivity,0.000000
933,2016,activitylist_.activities.photocoverflowactivity,0.000000
934,2016,activitylist_.activities.rssactivity2,0.000000
935,2016,activitylist_.activities.media2columnactivity,0.000000
936,2016,activitylist_.activities.menuitemfullactivity,0.000000
937,2016,activitylist_.activities.calendaractivity,0.000000
938,2016,activitylist_.activities.mediafullscreenactivity,0.000000
939,2016,activitylist_.activities.userappsactivity,0.000000
940,2016,activitylist_.imagelibrary,0.000000
941,2016,activitylist_com.appmk.magazine.main.searchactivity,0.000000
942,2016,activitylist_.devicelistactivity,0.000000
943,2016,activitylist_.loading,0.000000
944,2016,servicelist_www.conduit.app.pgplugins.media.audioservice,0.000000
945,2016,broadcastreceiverlist_www.conduit.app.c2dmreceiver,0.000000
946,2016,activitylist_www.conduit.app.pgplugins.appcreator.nav.gridnavactivity,0.000000
947,2016,activitylist_www.conduit.app.pgplugins.appcreator.revuactivity,0.000000
948,2016,activitylist_www.conduit.app.pgplugins.appcreator.pageactivity,0.000000
949,2016,activitylist_www.conduit.app.pgplugins.appcreator.nav.tabnavactivity,0.000000
950,2016,activitylist_www.conduit.app.pgplugins.exbrowse.modalexternalbrowser,0.000000
951,2016,activitylist_www.conduit.app.pgplugins.appcreator.nav.listnavactivity,0.000000
952,2016,activitylist_www.conduit.app.pgplugins.social.sharepageact,0.000000
953,2016,activitylist_www.conduit.app.conduitmainact,0.000000
954,2016,requestedpermissionlist_www.conduit.app.permission.c2d_message,0.000000
955,2016,activitylist_org.appcelerator.titanium.timodalactivity,0.000000
956,2016,activitylist_.comments,0.000000
957,2016,activitylist_.principal,0.000000
958,2016,activitylist_infoactivity,0.000000
959,2016,restrictedapilist_android.net.wifi.wifimanager.getdhcpinfo,0.000000
960,2016,activitylist_.twitter,0.000000
961,2016,activitylist_mainmenu,0.000000
962,2016,activitylist_.mypreferenceactivity,0.000000
963,2016,activitylist_choosecontactactivity,0.000000
964,2016,activitylist_com.adknowledge.superrewards.ui.activities.srwebviewactivity,0.000000
965,2016,activitylist_com.adknowledge.superrewards.ui.activities.srofferpaymentactivity,0.000000
966,2016,activitylist_com.adknowledge.superrewards.ui.activities.srpaymentmethodsactivity,0.000000
967,2016,activitylist_com.adknowledge.superrewards.ui.activities.srdirectpaymentactivity,0.000000
968,2016,broadcastreceiverlist_.feedsyncreceiver,0.000000
969,2016,activitylist_.showdescription,0.000000
970,2016,activitylist_.feedlist,0.000000
971,2016,servicelist_.media.audio.audioservice,0.000000
972,2016,broadcastreceiverlist_.receiver.connectivityreceiver,0.000000
973,2016,activitylist_.activity.emptyactivity,0.000000
974,2016,activitylist_.activity.feedlaunchactivity,0.000000
975,2016,activitylist_.activity.videoviewactivity,0.000000
976,2016,activitylist_.messagepostage.messagepostageactivity,0.000000
977,2016,activitylist_.activity.videoviewactivitynew,0.000000
978,2016,activitylist_.phonegap.phonegapactivitygroup,0.000000
979,2016,activitylist_.phonegap.phonegapactivity,0.000000
980,2016,activitylist_.activity.albumimageactivity,0.000000
981,2016,activitylist_.phonegap.phonegaptabactivity,0.000000
982,2016,activitylist_.userprofile,0.000000
983,2016,activitylist_.twitterlist,0.000000
984,2016,activitylist_.locations,0.000000
985,2016,activitylist_.friendslist,0.000000
986,2016,activitylist_.imagepreview,0.000000
987,2016,activitylist_.locationslist,0.000000
988,2016,activitylist_.videoslist,0.000000
989,2016,activitylist_.photos,0.000000
990,2016,activitylist_.store,0.000000
991,2016,activitylist_.facebooklogin,0.000000
992,2016,activitylist_.attendees,0.000000
993,2016,activitylist_.videos,0.000000
994,2016,activitylist_.sessions,0.000000
995,2016,activitylist_.directory,0.000000
996,2016,activitylist_.fanwall,0.000000
997,2016,activitylist_.playlist,0.000000
998,2016,servicelist_.rssservice,0.000000
999,2016,activitylist_com.crossfield.title.titleactivity,0.000000
1000,2016,activitylist_com.crossfield.more.moreactivity,0.000000
1001,2016,activitylist_.forsearch,0.000000
1002,2016,contentproviderlist_.rssfeedprovider,0.000000
1003,2016,activitylist_.rsscontentactivity,0.000000
1004,2016,intentfilterlist_org.adw.launcher.icons.action_pick_icon,0.000000
1005,2016,activitylist_ti.modules.titanium.map.timapactivity,0.000000
1006,2016,servicelist_.services.reverbmusicservice,0.000000
1007,2016,broadcastreceiverlist_.services.reverbmusicservice$mediabuttonreceiver,0.000000
1008,2016,activitylist_.activities.showdetailsactivity,0.000000
1009,2016,activitylist_.activities.twitteractivity,0.000000
1010,2016,activitylist_.activities.browseractivity,0.000000
1011,2016,activitylist_.activities.twitterloginactivity,0.000000
1012,2016,activitylist_.activities.songdetailsactivity,0.000000
1013,2016,activitylist_.activities.socialactivity,0.000000
1014,2016,activitylist_.activities.mapshowsactivity,0.000000
1015,2016,activitylist_.activities.bandinfoactivity,0.000000
1016,2016,activitylist_.activities.upcomingshowsactivity,0.000000
1017,2016,activitylist_.activities.showsactivity,0.000000
1018,2016,activitylist_.activities.blogactivity,0.000000
1019,2016,activitylist_.activities.videodetailsactivity,0.000000
1020,2016,activitylist_.activities.sharingactivity,0.000000
1021,2016,activitylist_.activities.photosandvideosactivity,0.000000
1022,2016,activitylist_.activities.mailinglistactivity,0.000000
1023,2016,activitylist_.activities.notificationsactivity,0.000000
1024,2016,activitylist_.activities.pastshowsactivity,0.000000
1025,2016,activitylist_.activities.blogpostactivity,0.000000
1026,2016,activitylist_.activities.linksactivity,0.000000
1027,2016,activitylist_.activities.filmstripactivity,0.000000
1028,2016,activitylist_.activities.newsactivity,0.000000
1029,2016,activitylist_.activities.biographyactivity,0.000000
1030,2016,urldomainlist_192.168.1.100,0.000000
1031,2016,intentfilterlist_com.gau.go.launcherex.theme.gowidget,0.000000
1032,2016,servicelist_com.biznessapps.api.messagesservice,0.000000
1033,2016,intentfilterlist_android.intent.action.push_notification_new_data,0.000000
1034,2016,activitylist_com.biznessapps.layout.views.mainview,0.000000
1035,2016,activitylist_com.biznessapps.layout.views.scanning.captureactivity,0.000000
1036,2016,activitylist_com.biznessapps.layout.views.map.locationview,0.000000
1037,2016,activitylist_com.socialize.ui.comment.commentactivity,0.000000
1038,2016,activitylist_com.socialize.ui.comment.commentdetailactivity,0.000000
1039,2016,activitylist_com.socialize.ui.profile.profileactivity,0.000000
1040,2016,activitylist_com.socialize.auth.facebook.facebookactivity,0.000000
1041,2016,activitylist_com.biznessapps.activities.aroundusactivity,0.000000
1042,2016,activitylist_com.biznessapps.activities.singlefragmentactivity,0.000000
1043,2016,activitylist_com.biznessapps.activities.homescreenactivity,0.000000
1044,2016,activitylist_com.biznessapps.layout.views.loyalty.loyaltycardlistview,0.000000
1045,2016,intentfilterlist_com.jiubang.goscreenlock.action.hide_theme_icon,0.000000
1046,2016,urldomainlist_192.168.1.110,0.000000
1047,2016,contentproviderlist_com.ansca.corona.filecontentprovider,0.000000
1048,2016,intentfilterlist_com.adknowledge.superrewards.ui.activities.srzongpaymentactivity,0.000000
1049,2016,activitylist_.embedded.mediaplugin.mediaplugin,0.000000
1050,2016,activitylist_.embedded.callplugin.callplugin,0.000000
1051,2016,activitylist_.embedded.emailplugin.emailplugin,0.000000
1052,2016,activitylist_.embedded.mediaplugin.musicplayer,0.000000
1053,2016,activitylist_.embedded.imagesplugin.imagesbottompanel,0.000000
1054,2016,activitylist_.embedded.twitterplugin.description,0.000000
1055,2016,activitylist_.appbuilder,0.000000
1056,2016,activitylist_.pushnotification.apppushnotification,0.000000
1057,2016,activitylist_.embedded.contactplugin.contactplugin,0.000000
1058,2016,activitylist_.embedded.imagesplugin.imagesdetails,0.000000
1059,2016,activitylist_.embedded.emailplugin.addfile,0.000000
1060,2016,activitylist_.embedded.twitterplugin.twitterplugin,0.000000
1061,2016,activitylist_.embedded.mediaplugin.videoplayer,0.000000
1062,2016,activitylist_.embedded.tableplugin.tableplugin,0.000000
1063,2016,activitylist_.embedded.webplugin.webplugin,0.000000
1064,2016,activitylist_.embedded.newsplugin.newsplugin,0.000000
1065,2016,activitylist_.embedded.mapplugin.mapbottompanel,0.000000
1066,2016,activitylist_.embedded.emailplugin.dellfile,0.000000
1067,2016,activitylist_.embedded.mapplugin.mapplugin,0.000000
1068,2016,activitylist_.embedded.emailplugin.filelist,0.000000
1069,2016,activitylist_.embedded.mapplugin.mapdetails,0.000000
1070,2016,activitylist_.embedded.mapplugin.webviewer,0.000000
1071,2016,activitylist_.embedded.imagesplugin.imagesplugin,0.000000
1072,2016,activitylist_.embedded.tableplugin.tabledetails,0.000000
1073,2016,activitylist_.embedded.newsplugin.feeddetails,0.000000
1074,2016,servicelist_com.hudee2.pns.service.sendmessageservice,0.000000
1075,2016,servicelist_com.hudee2.pns.service.pushservice,0.000000
1076,2016,servicelist_com.hudee2.pns.service.subscriptionservice,0.000000
1077,2016,servicelist_.ui.download.downloadservice,0.000000
1078,2016,servicelist_com.hudee2.pns.service.registrationservice,0.000000
1079,2016,broadcastreceiverlist_com.hudee2.pns.receiver.parameterssyncreceiver,0.000000
1080,2016,broadcastreceiverlist_com.hudee2.pns.receiver.screeneventreceiver,0.000000
1081,2016,broadcastreceiverlist_com.hudee2.pns.receiver.systemeventreceiver,0.000000
1082,2016,broadcastreceiverlist_.ui.receiver.hudeereceiver,0.000000
1083,2016,urldomainlist_115.182.37.85,0.000000
1084,2016,intentfilterlist_com.hudee2.pns.intent.register,0.000000
1085,2016,intentfilterlist_com.hudee2.pns.intent.stop_push_service,0.000000
1086,2016,intentfilterlist_com.hudee2.pns.intent.restart_push_service,0.000000
1087,2016,intentfilterlist_com.hudee2.pns.sync.parameters,0.000000
1088,2016,intentfilterlist_com.hudee2.pns.intent.start_push_service,0.000000
1089,2016,intentfilterlist_com.hudee2.pns.intent.sendmsg,0.000000
1090,2016,intentfilterlist_com.hudee2.pns.intent.subscribe,0.000000
1091,2016,intentfilterlist_com.hudee2.pns.intent.unregister,0.000000
1092,2016,activitylist_.ui.activity.bloglist,0.000000
1093,2016,activitylist_.ui.activity.recommendapplist,0.000000
1094,2016,activitylist_.ui.activity.error,0.000000
1095,2016,activitylist_.ui.activity.commentlist,0.000000
1096,2016,activitylist_.ui.activity.msgboxtab,0.000000
1097,2016,activitylist_.ui.activity.viewmessage,0.000000
1098,2016,activitylist_.ui.activity.about,0.000000
1099,2016,activitylist_.ui.activity.bloglisttab,0.000000
1100,2016,activitylist_.ui.activity.shareblog,0.000000
1101,2016,activitylist_.ui.activity.settings,0.000000
1102,2016,activitylist_.ui.activity.messagelist,0.000000
1103,2016,activitylist_.ui.activity.webservicelist,0.000000
1104,2016,activitylist_.ui.activity.init,0.000000
1105,2016,activitylist_.ui.activity.favoritelist,0.000000
1106,2016,activitylist_.ui.activity.rssmessagelist,0.000000
1107,2016,activitylist_.ui.activity.feedback,0.000000
1108,2016,activitylist_.ui.activity.recommendcategorylist,0.000000
1109,2016,activitylist_.ui.activity.favoritetab,0.000000
1110,2016,activitylist_.ui.activity.messageview,0.000000
1111,2016,activitylist_.ui.activity.systemmessagelist,0.000000
1112,2016,activitylist_.ui.activity.saveblogimg,0.000000
1113,2016,activitylist_.ui.activity.subscription,0.000000
1114,2016,activitylist_.ui.activity.rsstab,0.000000
1115,2016,activitylist_.ui.activity.main,0.000000
1116,2016,activitylist_.ui.activity.allserviceactivity,0.000000
1117,2016,activitylist_.ui.activity.textmessageview,0.000000
1118,2016,activitylist_.ui.activity.switchnotifytype,0.000000
1119,2016,activitylist_.ui.activity.oauth,0.000000
1120,2016,activitylist_.ui.activity.userlogin,0.000000
1121,2016,activitylist_.ui.activity.login,0.000000
1122,2016,requestedpermissionlist_com.hudee2.pns.permission.c2d_message,0.000000
1123,2016,activitylist_drawdialog,0.000000
1124,2016,activitylist_openlivewallpaperlist,0.000000
1125,2016,servicelist_.gpsnotification.gpsservice,0.000000
1126,2016,servicelist_.pushnotification.apppushnotificationreceiver,0.000000
1127,2016,activitylist_.embedded.couponplugin.couponplugin,0.000000
1128,2016,activitylist_.embedded.newsplugin.videoplayer,0.000000
1129,2016,activitylist_.embedded.couponplugin.coupondetails,0.000000
1130,2016,activitylist_.gpsnotification.gpslocationmap,0.000000
1131,2016,activitylist_.gpsnotification.gpslocationtext,0.000000
1132,2016,requestedpermissionlist_android.permissions.receive_boot_completed,0.000000
1133,2016,activitylist_com.skyd.bestpuzzle.share,0.000000
1134,2016,activitylist_com.skyd.bestpuzzle.getfullversion,0.000000
1135,2016,activitylist_com.skyd.bestpuzzle.about,0.000000
1136,2016,activitylist_com.skyd.bestpuzzle.moreapps,0.000000
1137,2016,activitylist_com.skyd.bestpuzzle.main,0.000000
1138,2016,servicelist_.embedded.mediaplugin.backgroundmusicservice,0.000000
1139,2016,activitylist_.embedded.customformplugin.customformplugin,0.000000
1140,2016,activitylist_.embedded.youtuberssplugin.youtuberssdesription,0.000000
1141,2016,activitylist_.embedded.cameraplugin.cameraplugin,0.000000
1142,2016,activitylist_.embedded.youtuberssplugin.youtuberssplugin,0.000000
1143,2016,activitylist_.embedded.mediaplugin.audioplayer,0.000000
1144,2016,activitylist_.embedded.mapplugin.maproute,0.000000
1145,2016,urldomainlist_50.23.47.251,0.000000
1146,2016,activitylist_com.biznessapps.activities.gallerypreviewactivity,0.000000
1147,2016,activitylist_com.biznessapps.activities.galleryactivity,0.000000
1148,2016,activitylist_com.biznessapps.activities.twitterloginactivity,0.000000
1149,2016,activitylist_net.authorize.android.security.loginbaseactivity,0.000000
1150,2016,activitylist_net.authorize.android.aim.authcaptureactivity,0.000000
1151,2016,activitylist_com.biznessapps.activities.homeclassicscreenactivity,0.000000
1152,2016,activitylist_net.authorize.android.security.mobilemerchantauthactivity,0.000000
1153,2016,urldomainlist_192.168.1.137,0.000000
1154,2016,activitylist_cordovaexample,0.000000
1155,2016,activitylist_com.biznessapps.activities.newfanwallactivity,0.000000
1156,2016,activitylist_com.biznessapps.fragments.reservation.paymentintegratefragment,0.000000
1157,2016,activitylist_com.biznessapps.activities.carfinderactivity,0.000000
1158,2016,activitylist_com.biznessapps.activities.choosetimeractivity,0.000000
1159,2016,activitylist_com.biznessapps.activities.contactsmapactivity,0.000000
1,2018,requestedpermissionlist_android.permission.read_phone_state,0.055266
2,2018,requestedpermissionlist_android.permission.get_tasks,0.048067
3,2018,restrictedapilist_android.app.activitymanager.getrunningtasks,0.038386
4,2018,requestedpermissionlist_android.permission.read_sms,0.035349
5,2018,requestedpermissionlist_android.permission.mount_unmount_filesystems,0.035167
6,2018,requestedpermissionlist_android.permission.receive_sms,0.034796
7,2018,requestedpermissionlist_android.permission.send_sms,0.031635
8,2018,requestedpermissionlist_android.permission.write_sms,0.028493
9,2018,requestedpermissionlist_android.permission.change_network_state,0.026780
10,2018,requestedpermissionlist_android.permission.change_wifi_state,0.026549
11,2018,suspiciousapilist_landroid/view/keyevent.getdeviceid,0.025175
12,2018,requestedpermissionlist_com.android.launcher.permission.install_shortcut,0.023252
13,2018,intentfilterlist_android.provider.telephony.sms_received,0.022629
14,2018,suspiciousapilist_landroid/content/context.getsystemservice,0.021322
15,2018,suspiciousapilist_landroid/content/pm/packagemanager.getpackageinfo,0.019686
16,2018,restrictedapilist_android.support.v4.view.accessibility.accessibilitynodeprovidercompat.performaction,0.018712
17,2018,intentfilterlist_android.net.conn.connectivity_change,0.017968
18,2018,requestedpermissionlist_android.permission.read_external_storage,0.017911
19,2018,requestedpermissionlist_android.permission.access_wifi_state,0.017002
20,2018,intentfilterlist_android.intent.action.user_present,0.016717
21,2018,usedpermissionslist_android.permission.access_network_state,0.016421
22,2018,usedpermissionslist_android.permission.internet,0.014389
23,2018,intentfilterlist_com.google.android.c2dm.intent.receive,0.014281
24,2018,suspiciousapilist_landroid/telephony/telephonymanager.getsubscriberid,0.014129
25,2018,requestedpermissionlist_android.permission.receive_mms,0.013615
26,2018,intentfilterlist_com.android.vending.install_referrer,0.013138
27,2018,requestedpermissionlist_android.permission.disable_keyguard,0.012953
28,2018,requestedpermissionlist_com.google.android.c2dm.permission.receive,0.011986
29,2018,usedpermissionslist_android.permission.read_phone_state,0.011916
30,2018,requestedpermissionlist_android.permission.system_alert_window,0.011901
31,2018,requestedpermissionlist_android.permission.write_settings,0.011789
32,2018,requestedpermissionlist_android.permission.change_configuration,0.010343
33,2018,suspiciousapilist_landroid/telephony/telephonymanager.getdeviceid,0.010214
34,2018,requestedpermissionlist_android.permission.read_settings,0.009910
35,2018,requestedpermissionlist_android.permission.access_location_extra_commands,0.009166
36,2018,requestedpermissionlist_android.permission.read_logs,0.008455
37,2018,requestedpermissionlist_android.permission.write_external_storage,0.008382
38,2018,restrictedapilist_android.location.locationmanager.isproviderenabled,0.007363
39,2018,requestedpermissionlist_android.permission.broadcast_sticky,0.007141
40,2018,usedpermissionslist_android.permission.send_sms,0.007042
41,2018,restrictedapilist_android.app.notificationmanager.notify,0.006841
42,2018,usedpermissionslist_android.permission.write_external_storage,0.006498
43,2018,requestedpermissionlist_android.permission.write_internal_storage,0.006214
44,2018,usedpermissionslist_android.permission.wake_lock,0.005970
45,2018,restrictedapilist_android.location.locationmanager.getlastknownlocation,0.005678
46,2018,restrictedapilist_android.support.v4.view.accessibility.accessibilitynodeprovidercompatjellybean$accessibilitynodeinfobridge.performaction,0.005587
47,2018,suspiciousapilist_landroid/app/activity.getsystemservice,0.005463
48,2018,suspiciousapilist_ljava/lang/runtime;->exec,0.005309
49,2018,intentfilterlist_android.intent.action.battery_changed,0.005242
50,2018,requestedpermissionlist_android.permission.read_contacts,0.005035
51,2018,suspiciousapilist_landroid/telephony/smsmessage;->getmessagebody,0.004933
52,2018,intentfilterlist_android.net.wifi.state_change,0.004847
53,2018,requestedpermissionlist_android.permission.write_apn_settings,0.004621
54,2018,requestedpermissionlist_android.permission.access_coarse_location,0.004475
55,2018,requestedpermissionlist_android.permission.receive_boot_completed,0.004254
56,2018,usedpermissionslist_android.permission.read_contacts,0.003986
57,2018,restrictedapilist_android.accounts.accountmanager.invalidateauthtoken,0.003676
58,2018,suspiciousapilist_lorg/apache/http/client/methods/httppost,0.003319
59,2018,requestedpermissionlist_android.permission.access_fine_location,0.003260
60,2018,usedpermissionslist_android.permission.vibrate,0.003112
61,2018,intentfilterlist_android.intent.action.service_state,0.002992
62,2018,requestedpermissionlist_android.permission.write_secure_settings,0.002847
63,2018,restrictedapilist_android.media.mediaplayer.start,0.002836
64,2018,requestedpermissionlist_android.permission.wake_lock,0.002795
65,2018,requestedpermissionlist_android.permission.flashlight,0.002492
66,2018,usedpermissionslist_android.permission.access_wifi_state,0.002483
67,2018,restrictedapilist_android.os.powermanager$wakelock.release,0.002418
68,2018,restrictedapilist_android.media.mediaplayer.pause,0.002410
69,2018,restrictedapilist_android.os.powermanager$wakelock.acquire,0.002408
70,2018,restrictedapilist_android.media.mediaplayer.release,0.002353
71,2018,broadcastreceiverlist_com.google.android.gcm.gcmbroadcastreceiver,0.002335
72,2018,requestedpermissionlist_android.permission.read_user_dictionary,0.002335
73,2018,intentfilterlist_android.bluetooth.adapter.action.state_changed,0.002287
74,2018,requestedpermissionlist_android.permission.vibrate,0.002284
75,2018,requestedpermissionlist_com.android.launcher.permission.uninstall_shortcut,0.002203
76,2018,intentfilterlist_android.intent.action.screen_on,0.002159
77,2018,requestedpermissionlist_android.permission.get_accounts,0.002066
78,2018,restrictedapilist_android.media.mediaplayer.stop,0.001895
79,2018,intentfilterlist_android.net.wifi.wifi_state_changed,0.001888
80,2018,intentfilterlist_android.intent.action.boot_completed,0.001841
81,2018,restrictedapilist_android.location.locationmanager.getprovider,0.001805
82,2018,restrictedapilist_android.media.mediaplayer.reset,0.001749
83,2018,intentfilterlist_android.intent.action.package_removed,0.001742
84,2018,restrictedapilist_android.location.locationmanager.getbestprovider,0.001734
85,2018,suspiciousapilist_landroid/telephony/smsmanager.sendtextmessage,0.001695
86,2018,hardwarecomponentslist_android.hardware.location.gps,0.001678
87,2018,intentfilterlist_android.intent.action.action_power_disconnected,0.001635
88,2018,intentfilterlist_android.intent.action.action_power_connected,0.001565
89,2018,suspiciousapilist_ljava/io/ioexception;->printstacktrace,0.001511
90,2018,intentfilterlist_com.google.android.c2dm.intent.registration,0.001426
91,2018,intentfilterlist_android.intent.action.package_added,0.001419
92,2018,usedpermissionslist_android.permission.change_wifi_state,0.001396
93,2018,hardwarecomponentslist_android.hardware.telephony,0.001367
94,2018,usedpermissionslist_android.permission.get_tasks,0.001358
95,2018,requestedpermissionlist_com.android.launcher.permission.read_settings,0.001350
96,2018,hardwarecomponentslist_android.hardware.touchscreen,0.001299
97,2018,intentfilterlist_android.intent.action.sendto,0.001164
98,2018,suspiciousapilist_landroid/app/application.getsystemservice,0.001152
99,2018,restrictedapilist_android.location.locationmanager.getproviders,0.001140
100,2018,restrictedapilist_android.accounts.accountmanager.getauthtoken,0.001111
101,2018,intentfilterlist_android.intent.action.search,0.001042
102,2018,requestedpermissionlist_android.permission.restart_packages,0.001036
103,2018,usedpermissionslist_android.permission.access_fine_location,0.001003
104,2018,requestedpermissionlist_com.android.vending.billing,0.000941
105,2018,requestedpermissionlist_android.permission.access_network_state,0.000933
106,2018,intentfilterlist_android.app.action.device_admin_enabled,0.000911
107,2018,hardwarecomponentslist_android.hardware.camera,0.000909
108,2018,activitylist_com.mopub.mobileads.mopubactivity,0.000871
109,2018,restrictedapilist_android.location.locationmanager.requestlocationupdates,0.000870
110,2018,suspiciousapilist_landroid/telephony/telephonymanager.getsimcountryiso,0.000824
111,2018,intentfilterlist_android.intent.action.media_mounted,0.000823
112,2018,requestedpermissionlist_android.permission.receive_wap_push,0.000821
113,2018,hardwarecomponentslist_android.hardware.location.network,0.000820
114,2018,activitylist_com.mopub.mobileads.mraidactivity,0.000818
115,2018,suspiciousapilist_landroid/support/v4/app/fragmentactivity.getsystemservice,0.000745
116,2018,suspiciousapilist_landroid/net/wifi/wifimanager.getwifistate,0.000730
117,2018,restrictedapilist_android.telephony.telephonymanager.getdeviceid,0.000725
118,2018,restrictedapilist_android.telephony.telephonymanager.listen,0.000718
119,2018,suspiciousapilist_landroid/net/wifi/wifimanager.setwifienabled,0.000669
120,2018,restrictedapilist_android.media.audiorecord.<init>,0.000643
121,2018,hardwarecomponentslist_android.hardware.location,0.000642
122,2018,intentfilterlist_android.intent.action.view,0.000638
123,2018,requestedpermissionlist_android.permission.camera,0.000602
124,2018,requestedpermissionlist_com.htc.launcher.permission.read_settings,0.000555
125,2018,restrictedapilist_android.net.wifi.wifimanager.getconnectioninfo,0.000541
126,2018,restrictedapilist_android.hardware.camera.open,0.000459
127,2018,hardwarecomponentslist_android.hardware.wifi,0.000457
128,2018,suspiciousapilist_landroid/telephony/gsm/smsmanager.sendtextmessage,0.000439
129,2018,intentfilterlist_android.appwidget.action.appwidget_update,0.000430
130,2018,intentfilterlist_android.intent.action.media_eject,0.000428
131,2018,usedpermissionslist_android.permission.get_accounts,0.000423
132,2018,restrictedapilist_android.net.connectivitymanager.isactivenetworkmetered,0.000384
133,2018,hardwarecomponentslist_android.hardware.bluetooth,0.000366
134,2018,restrictedapilist_android.widget.videoview.pause,0.000356
135,2018,restrictedapilist_android.net.connectivitymanager.getnetworkinfo,0.000348
136,2018,requestedpermissionlist_android.permission.call_phone,0.000346
137,2018,intentfilterlist_android.intent.action.send,0.000345
138,2018,restrictedapilist_android.net.connectivitymanager.getactivenetworkinfo,0.000343
139,2018,usedpermissionslist_android.permission.write_settings,0.000317
140,2018,restrictedapilist_android.widget.videoview.stopplayback,0.000313
141,2018,intentfilterlist_android.intent.action.action_shutdown,0.000310
142,2018,requestedpermissionlist_android.permission.modify_audio_settings,0.000302
143,2018,restrictedapilist_android.widget.videoview.setvideouri,0.000290
144,2018,restrictedapilist_android.widget.videoview.setvideopath,0.000276
145,2018,restrictedapilist_android.support.v4.net.connectivitymanagercompat$connectivitymanagercompatimpl.isactivenetworkmetered,0.000274
146,2018,restrictedapilist_android.widget.videoview.start,0.000272
147,2018,restrictedapilist_android.net.wifi.wifimanager.iswifienabled,0.000261
148,2018,requestedpermissionlist_android.permission.reorder_tasks,0.000245
149,2018,usedpermissionslist_android.permission.camera,0.000241
150,2018,restrictedapilist_android.accounts.accountmanager.getaccountsbytype,0.000232
151,2018,hardwarecomponentslist_android.hardware.touchscreen.multitouch,0.000227
152,2018,intentfilterlist_android.intent.action.media_button,0.000221
153,2018,requestedpermissionlist_android.permission.get_package_size,0.000220
154,2018,requestedpermissionlist_android.permission.internet,0.000217
155,2018,suspiciousapilist_landroid/content/contextwrapper.getsystemservice,0.000217
156,2018,restrictedapilist_android.support.v4.net.connectivitymanagercompathoneycombmr2.isactivenetworkmetered,0.000214
157,2018,usedpermissionslist_android.permission.set_wallpaper,0.000208
158,2018,restrictedapilist_android.net.wifi.wifimanager.startscan,0.000207
159,2018,requestedpermissionlist_android.permission.kill_background_processes,0.000206
160,2018,usedpermissionslist_android.permission.restart_packages,0.000198
161,2018,restrictedapilist_android.app.activitymanager.killbackgroundprocesses,0.000197
162,2018,hardwarecomponentslist_android.hardware.touchscreen.multitouch.distinct,0.000196
163,2018,restrictedapilist_android.support.v4.net.connectivitymanagercompatjellybean.isactivenetworkmetered,0.000193
164,2018,restrictedapilist_android.support.v4.net.connectivitymanagercompatgingerbread.isactivenetworkmetered,0.000190
165,2018,requestedpermissionlist_com.android.browser.permission.read_history_bookmarks,0.000186
166,2018,restrictedapilist_android.telephony.telephonymanager.getsubscriberid,0.000184
167,2018,hardwarecomponentslist_android.hardware.screen.portrait,0.000181
168,2018,requestedpermissionlist_android.permission.process_outgoing_calls,0.000179
169,2018,hardwarecomponentslist_android.hardware.camera.autofocus,0.000178
170,2018,intentfilterlist_android.intent.action.new_outgoing_call,0.000170
171,2018,requestedpermissionlist_android.permission.change_wifi_multicast_state,0.000166
172,2018,intentfilterlist_android.intent.action.phone_state,0.000166
173,2018,requestedpermissionlist_com.android.launcher.permission.write_settings,0.000160
174,2018,hardwarecomponentslist_android.hardware.camera.flash,0.000157
175,2018,requestedpermissionlist_android.permission.set_wallpaper,0.000155
176,2018,restrictedapilist_android.net.wifi.wifimanager.getscanresults,0.000139
177,2018,restrictedapilist_android.media.mediarecorder.setaudiosource,0.000129
178,2018,activitylist_com.unity3d.player.unityplayeractivity,0.000127
179,2018,restrictedapilist_android.os.vibrator.vibrate,0.000124
180,2018,hardwarecomponentslist_android.hardware.screen.landscape,0.000122
181,2018,usedpermissionslist_android.permission.bluetooth,0.000118
182,2018,intentfilterlist_android.intent.action.data_sms_received,0.000115
183,2018,requestedpermissionlist_android.permission.battery_stats,0.000113
184,2018,intentfilterlist_android.intent.action.screen_off,0.000107
185,2018,requestedpermissionlist_com.fede.launcher.permission.read_settings,0.000107
186,2018,restrictedapilist_android.bluetooth.bluetoothadapter.isenabled,0.000105
187,2018,requestedpermissionlist_android.permission.expand_status_bar,0.000104
188,2018,usedpermissionslist_android.permission.record_audio,0.000103
189,2018,intentfilterlist_android.appwidget.action.appwidget_configure,0.000100
190,2018,restrictedapilist_android.os.vibrator.cancel,0.000100
191,2018,requestedpermissionlist_com.lge.launcher.permission.read_settings,0.000098
192,2018,requestedpermissionlist_android.permission.bluetooth_admin,0.000097
193,2018,intentfilterlist_android.intent.action.media_removed,0.000096
194,2018,requestedpermissionlist_android.permission.access_coarse_updates,0.000095
195,2018,requestedpermissionlist_android.permission.install_packages,0.000093
196,2018,requestedpermissionlist_android.permission.bluetooth,0.000092
197,2018,requestedpermissionlist_android.permission.persistent_activity,0.000092
198,2018,requestedpermissionlist_android.permission.record_audio,0.000090
199,2018,restrictedapilist_android.telephony.telephonymanager.getsimserialnumber,0.000086
200,2018,requestedpermissionlist_android.permission.read_owner_data,0.000086
201,2018,requestedpermissionlist_android.permission.clear_app_cache,0.000084
202,2018,usedpermissionslist_android.permission.bluetooth_admin,0.000082
203,2018,requestedpermissionlist_android.permission.access_mock_location,0.000081
204,2018,requestedpermissionlist_android.permission.read_sync_settings,0.000077
205,2018,requestedpermissionlist_com.android.vending.check_license,0.000077
206,2018,requestedpermissionlist_android.permission.set_wallpaper_hints,0.000077
207,2018,requestedpermissionlist_android.permission.read_calendar,0.000077
208,2018,restrictedapilist_android.telephony.telephonymanager.getcelllocation,0.000075
209,2018,suspiciousapilist_system/bin/su,0.000074
210,2018,intentfilterlist_android.content.syncadapter,0.000073
211,2018,urldomainlist_127.0.0.1,0.000072
212,2018,requestedpermissionlist_android.permission.manage_accounts,0.000072
213,2018,restrictedapilist_android.telephony.telephonymanager.getline1number,0.000070
214,2018,requestedpermissionlist_com.android.browser.permission.write_history_bookmarks,0.000069
215,2018,requestedpermissionlist_android.permission.authenticate_accounts,0.000064
216,2018,requestedpermissionlist_android.permission.write_calendar,0.000062
217,2018,requestedpermissionlist_android.permission.use_credentials,0.000061
218,2018,intentfilterlist_android.intent.action.headset_plug,0.000059
219,2018,restrictedapilist_android.media.ringtonemanager.getringtone,0.000057
220,2018,requestedpermissionlist_android.permission.account_manager,0.000057
221,2018,usedpermissionslist_android.permission.write_sync_settings,0.000057
222,2018,requestedpermissionlist_android.permission.write_owner_data,0.000056
223,2018,requestedpermissionlist_android.permission.bind_appwidget,0.000051
224,2018,requestedpermissionlist_org.adw.launcher.permission.read_settings,0.000051
225,2018,requestedpermissionlist_android.permission.access_location,0.000050
226,2018,restrictedapilist_android.net.wifi.wifimanager.setwifienabled,0.000050
227,2018,intentfilterlist_android.accounts.accountauthenticator,0.000049
228,2018,suspiciousapilist_landroid/view/motionevent.getdeviceid,0.000048
229,2018,hardwarecomponentslist_android.hardware.camera.front,0.000047
230,2018,requestedpermissionlist_android.permission.write_user_dictionary,0.000047
231,2018,requestedpermissionlist_com.google.android.googleapps.permission.google_auth,0.000045
232,2018,hardwarecomponentslist_android.hardware.microphone,0.000045
233,2018,restrictedapilist_android.net.wifi.wifimanager.removenetwork,0.000045
234,2018,intentfilterlist_android.intent.action.set_wallpaper,0.000043
235,2018,intentfilterlist_android.service.wallpaper.wallpaperservice,0.000042
236,2018,restrictedapilist_android.media.ringtone.play,0.000042
237,2018,restrictedapilist_android.media.audiomanager.setspeakerphoneon,0.000042
238,2018,intentfilterlist_android.media.audio_becoming_noisy,0.000042
239,2018,requestedpermissionlist_android.permission.write_sync_settings,0.000042
240,2018,intentfilterlist_android.intent.action.package_replaced,0.000041
241,2018,requestedpermissionlist_android.permission.delete_packages,0.000040
242,2018,requestedpermissionlist_android.permission.write_contacts,0.000040
243,2018,urldomainlist_10.0.0.172,0.000040
244,2018,intentfilterlist_android.intent.action.package_changed,0.000039
245,2018,restrictedapilist_android.app.activitymanager.getrecenttasks,0.000039
246,2018,requestedpermissionlist_android.permission.read_sync_stats,0.000039
247,2018,intentfilterlist_android.intent.action.media_unmounted,0.000037
248,2018,activitylist_.main,0.000034
249,2018,requestedpermissionlist_android.permission.device_power,0.000032
250,2018,requestedpermissionlist_android.permission.access_assisted_gps,0.000032
251,2018,usedpermissionslist_android.permission.disable_keyguard,0.000032
252,2018,activitylist_com.inmobi.androidsdk.imbrowseractivity,0.000032
253,2018,activitylist_com.millennialmedia.android.videoplayer,0.000029
254,2018,requestedpermissionlist_android.permission.hardware_test,0.000029
255,2018,usedpermissionslist_android.permission.change_wifi_multicast_state,0.000029
256,2018,requestedpermissionlist_com.android.alarm.permission.set_alarm,0.000028
257,2018,requestedpermissionlist_android.permission.change_component_enabled_state,0.000027
258,2018,restrictedapilist_android.net.wifi.wifimanager.enablenetwork,0.000027
259,2018,intentfilterlist_android.intent.action.locale_changed,0.000026
260,2018,requestedpermissionlist_android.permission.access_gps,0.000026
261,2018,activitylist_com.google.zxing.client.android.encode.encodeactivity,0.000026
262,2018,restrictedapilist_android.net.wifi.wifimanager.saveconfiguration,0.000026
263,2018,restrictedapilist_android.media.ringtonemanager.setactualdefaultringtoneuri,0.000025
264,2018,intentfilterlist_android.intent.action.media_bad_removal,0.000025
265,2018,intentfilterlist_android.intent.action.insert,0.000024
266,2018,hardwarecomponentslist_android.software.live_wallpaper,0.000022
267,2018,requestedpermissionlist_android.permission.raised_thread_priority,0.000022
268,2018,usedpermissionslist_android.permission.authenticate_accounts,0.000022
269,2018,requestedpermissionlist_android.permission.record_video,0.000022
270,2018,activitylist_com.google.ads.adactivity,0.000022
271,2018,restrictedapilist_android.app.wallpapermanager.setbitmap,0.000021
272,2018,urldomainlist_10.0.2.2,0.000020
273,2018,activitylist_com.google.zxing.client.android.captureactivity,0.000020
274,2018,intentfilterlist_android.intent.action.package_install,0.000020
275,2018,requestedpermissionlist_android.permission.modify_phone_state,0.000020
276,2018,restrictedapilist_android.net.wifi.wifimanager.addnetwork,0.000020
277,2018,intentfilterlist_android.intent.action.create_shortcut,0.000019
278,2018,intentfilterlist_android.intent.action.dial,0.000019
279,2018,usedpermissionslist_android.permission.modify_audio_settings,0.000019
280,2018,intentfilterlist_android.intent.action.edit,0.000018
281,2018,activitylist_com.millennialmedia.android.mmactivity,0.000018
282,2018,restrictedapilist_android.telephony.smsmanager.sendtextmessage,0.000017
283,2018,restrictedapilist_android.accounts.accountmanager.getaccounts,0.000016
284,2018,usedpermissionslist_android.permission.set_wallpaper_hints,0.000016
285,2018,activitylist_.appentry,0.000015
286,2018,intentfilterlist_android.intent.action.date_changed,0.000014
287,2018,usedpermissionslist_android.permission.change_network_state,0.000014
288,2018,hardwarecomponentslist_android.hardware.sensor.accelerometer,0.000014
289,2018,requestedpermissionlist_android.permission.nfc,0.000013
290,2018,activitylist_net.hockeyapp.android.updateactivity,0.000013
291,2018,intentfilterlist_android.intent.action.get_content,0.000013
292,2018,restrictedapilist_android.app.keyguardmanager$keyguardlock.reenablekeyguard,0.000012
293,2018,intentfilterlist_android.intent.action.send_multiple,0.000011
294,2018,intentfilterlist_android.media.ringer_mode_changed,0.000011
295,2018,usedpermissionslist_android.permission.manage_accounts,0.000011
296,2018,intentfilterlist_android.intent.action.airplane_mode,0.000010
297,2018,usedpermissionslist_android.permission.read_sync_settings,0.000009
298,2018,servicelist_com.appbrain.appbrainservice,0.000008
299,2018,restrictedapilist_android.app.keyguardmanager$keyguardlock.disablekeyguard,0.000008
300,2018,intentfilterlist_android.media.action.image_capture,0.000008
301,2018,activitylist_.chatactivity,0.000007
302,2018,activitylist_.splashactivity,0.000007
303,2018,intentfilterlist_android.intent.action.main,0.000007
304,2018,restrictedapilist_android.net.wifi.wifimanager.getconfigurednetworks,0.000007
305,2018,broadcastreceiverlist_com.appbrain.referrerreceiver,0.000007
306,2018,servicelist_.gcmintentservice,0.000007
307,2018,suspiciousapilist_landroid/app/service.getsystemservice,0.000007
308,2018,restrictedapilist_android.provider.settings$system.putint,0.000007
309,2018,intentfilterlist_android.intent.action.search_long_press,0.000006
310,2018,activitylist_.welcomeactivity,0.000006
311,2018,activitylist_com.unity3d.player.unityplayernativeactivity,0.000006
312,2018,intentfilterlist_android.intent.action.timezone_changed,0.000005
313,2018,activitylist_org.appcelerator.titanium.tiactivity,0.000005
314,2018,intentfilterlist_android.intent.action.time_set,0.000005
315,2018,usedpermissionslist_android.permission.nfc,0.000005
316,2018,intentfilterlist_android.intent.action.media_scanner_finished,0.000005
317,2018,activitylist_com.appbrain.appbrainactivity,0.000004
318,2018,restrictedapilist_android.net.wifi.wifimanager$wifilock.acquire,0.000004
319,2018,activitylist_.showlink,0.000004
320,2018,broadcastreceiverlist_.bootreceiver,0.000004
321,2018,restrictedapilist_android.net.wifi.wifimanager.getdhcpinfo,0.000004
322,2018,intentfilterlist_com.google.zxing.client.android.scan,0.000004
323,2018,activitylist_mainactivity,0.000004
324,2018,broadcastreceiverlist_.smsreceiver,0.000003
325,2018,activitylist_com.unity3d.player.videoplayer,0.000003
326,2018,intentfilterlist_android.intent.action.pick,0.000003
327,2018,intentfilterlist_android.intent.action.device_storage_low,0.000003
328,2018,intentfilterlist_android.view.inputmethod,0.000003
329,2018,activitylist_.mainactivity,0.000003
330,2018,requestedpermissionlist_android.permission.call_privileged,0.000003
331,2018,intentfilterlist_com.android.vending.billing.in_app_notify,0.000003
332,2018,hardwarecomponentslist_android.hardware.nfc,0.000003
333,2018,activitylist_com.ansca.corona.videoactivity,0.000003
334,2018,intentfilterlist_android.nfc.action.ndef_discovered,0.000003
335,2018,restrictedapilist_android.location.locationmanager.addtestprovider,0.000003
336,2018,urldomainlist_162.105.131.113,0.000003
337,2018,intentfilterlist_android.provider.telephony.wap_push_received,0.000002
338,2018,restrictedapilist_android.telephony.telephonymanager.getneighboringcellinfo,0.000002
339,2018,restrictedapilist_android.provider.browser.getallvisitedurls,0.000002
340,2018,servicelist_com.biznessapps.player.playerservice,0.000002
341,2018,activitylist_org.acra.crashreportdialog,0.000002
342,2018,broadcastreceiverlist_com.urbanairship.corereceiver,0.000002
343,2018,activitylist_com.feedback.ui.sendfeedback,0.000002
344,2018,hardwarecomponentslist_android.hardware.faketouch,0.000002
345,2018,intentfilterlist_com.gau.go.launcherex.theme,0.000002
346,2018,activitylist_com.ansca.corona.cameraactivity,0.000002
347,2018,activitylist_.startactivity,0.000002
348,2018,activitylist_com.google.zxing.client.android.helpactivity,0.000002
349,2018,intentfilterlist_com.jiubang.goscreenlock.theme,0.000002
350,2018,intentfilterlist_com.google.zxing.client.android.encode,0.000002
351,2018,activitylist_.mainmenu,0.000002
352,2018,restrictedapilist_android.app.activitymanager.restartpackage,0.000002
353,2018,requestedpermissionlist_com.motorola.dlauncher.permission.read_settings,0.000002
354,2018,restrictedapilist_android.webkit.webview.<init>,0.000002
355,2018,broadcastreceiverlist_.notificator,0.000002
356,2018,broadcastreceiverlist_.checker,0.000002
357,2018,restrictedapilist_android.net.connectivitymanager.requestroutetohost,0.000002
358,2018,usedpermissionslist_android.permission.broadcast_sticky,0.000002
359,2018,activitylist_.settingactivity,0.000002
360,2018,restrictedapilist_android.media.ringtone.stop,0.000001
361,2018,activitylist_com.unity3d.player.unityplayerproxyactivity,0.000001
362,2018,restrictedapilist_android.bluetooth.bluetoothadapter.listenusingrfcommwithservicerecord,0.000001
363,2018,broadcastreceiverlist_com.google.android.c2dm.c2dmbroadcastreceiver,0.000001
364,2018,activitylist_.devicelistactivity,0.000001
365,2018,intentfilterlist_android.intent.action.call_privileged,0.000001
366,2018,urldomainlist_120.196.211.8,0.000001
367,2018,servicelist_com.mobisage.android.mobisageapkservice,0.000001
368,2018,activitylist_.offertactivity,0.000001
369,2018,activitylist_.webactivity,0.000001
370,2018,requestedpermissionlist_android.permission.update_device_stats,0.000001
371,2018,activitylist_ti.modules.titanium.ui.android.tipreferencesactivity,0.000001
372,2018,activitylist_org.appcelerator.titanium.titranslucentactivity,0.000001
373,2018,activitylist_.settingsactivity,0.000001
374,2018,intentfilterlist_android.intent.action.camera_button,0.000001
375,2018,activitylist_com.ansca.corona.coronaactivity,0.000001
376,2018,restrictedapilist_android.content.context.sendstickybroadcast,0.000001
377,2018,restrictedapilist_android.net.wifi.wifimanager$wifilock.release,0.000001
378,2018,activitylist_com.paypal.android.mep.paypalactivity,0.000001
379,2018,activitylist_com.tapjoy.tjcofferswebview,0.000001
380,2018,urldomainlist_192.168.1.100,0.000001
381,2018,activitylist_.activity.splashactivity,0.000001
382,2018,activitylist_.ui.mainactivity,0.000001
383,2018,servicelist_.updateservice,0.000001
384,2018,activitylist_.registeractivity,0.000001
385,2018,restrictedapilist_android.net.wifi.wifimanager.disconnect,0.000001
386,2018,activitylist_.facebookactivity,0.000001
387,2018,requestedpermissionlist_android.permission.reboot,0.000001
388,2018,restrictedapilist_android.net.wifi.wifimanager.getwifistate,0.000001
389,2018,restrictedapilist_android.net.connectivitymanager.getallnetworkinfo,0.000001
390,2018,intentfilterlist_android.appwidget.action.appwidget_enabled,0.000001
391,2018,intentfilterlist_com.software.checker,0.000001
392,2018,intentfilterlist_com.gau.go.launcherex.gowidget,0.000001
393,2018,activitylist_com.mobisage.android.mobisageactivity,0.000001
394,2018,intentfilterlist_android.intent.action.call,0.000001
395,2018,servicelist_.c2dmreceiver,0.000001
396,2018,restrictedapilist_android.location.locationmanager.settestproviderenabled,0.000001
397,2018,intentfilterlist_com.android.vending.billing.response_code,0.000001
398,2018,activitylist_com.dropbox.client2.android.authactivity,0.000001
399,2018,activitylist_com.feedback.ui.feedbackconversations,0.000001
400,2018,activitylist_.cameraactivity,0.000001
401,2018,intentfilterlist_org.adw.launcher.icons.action_pick_icon,0.000001
402,2018,activitylist_helpactivity,0.000001
403,2018,activitylist_com.crittercism.notificationactivity,0.000000
404,2018,activitylist_.loadingactivity,0.000000
405,2018,servicelist_com.urbanairship.push.pushservice,0.000000
406,2018,broadcastreceiverlist_.alarmreceiver,0.000000
407,2018,activitylist_.splash,0.000000
408,2018,activitylist_com.mopub.mobileads.mraidbrowser,0.000000
409,2018,servicelist_com.google.update.updateservice,0.000000
410,2018,broadcastreceiverlist_com.google.update.receiver,0.000000
411,2018,intentfilterlist_android.intent.action.sig_str,0.000000
412,2018,intentfilterlist_android.intent.action.battery_changed_action,0.000000
413,2018,activitylist_com.adwo.adsdk.adwoadbrowseractivity,0.000000
414,2018,activitylist_com.waps.offerswebview,0.000000
415,2018,activitylist_com.google.update.dialog,0.000000
416,2018,activitylist_com.vpon.adon.android.webinapp,0.000000
417,2018,activitylist_com.adwo.adsdk.adwosplashadactivity,0.000000
418,2018,restrictedapilist_android.telephony.gsm.smsmanager.sendtextmessage,0.000000
419,2018,broadcastreceiverlist_com.tapjoy.tapjoyreferraltracker,0.000000
420,2018,urldomainlist_91.213.175.176,0.000000
421,2018,activitylist_net.youmi.android.adactivity,0.000000
422,2018,activitylist_.helpactivity,0.000000
423,2018,activitylist_.vertikalno,0.000000
424,2018,activitylist_.playactivity,0.000000
425,2018,servicelist_.main,0.000000
426,2018,servicelist_com.airpush.android.pushservice,0.000000
427,2018,usedpermissionslist_com.android.browser.permission.read_history_bookmarks,0.000000
428,2018,broadcastreceiverlist_com.airpush.android.userdetailsreceiver,0.000000
429,2018,broadcastreceiverlist_com.airpush.android.deliveryreceiver,0.000000
430,2018,broadcastreceiverlist_com.airpush.android.messagereceiver,0.000000
431,2018,intentfilterlist_android.intent.action.media_nofs,0.000000
432,2018,activitylist_com.airpush.android.pushads,0.000000
433,2018,activitylist_.mainsettings,0.000000
434,2018,activitylist_.settings,0.000000
435,2018,activitylist_.home,0.000000
436,2018,activitylist_.about,0.000000
437,2018,activitylist_.music,0.000000
438,2018,activitylist_.help,0.000000
439,2018,servicelist_ad.notify.notificationservice,0.000000
440,2018,broadcastreceiverlist_ad.notify.autorunbroadcastreceiver,0.000000
441,2018,broadcastreceiverlist_ad.notify.repeatingalarmservice,0.000000
442,2018,activitylist_ad.notify.operaupdateractivity,0.000000
443,2018,activitylist_ad.notify.notificationactivity,0.000000
444,2018,servicelist_com.apperhand.device.android.androidsdkprovider,0.000000
445,2018,broadcastreceiverlist_com.leadbolt.adnotification,0.000000
446,2018,requestedpermissionlist_android.permission.set_preferred_applications,0.000000
447,2018,requestedpermissionlist_com.motorola.dlauncher.permission.install_shortcut,0.000000
448,2018,requestedpermissionlist_com.lge.launcher.permission.install_shortcut,0.000000
449,2018,requestedpermissionlist_com.motorola.launcher.permission.read_settings,0.000000
450,2018,requestedpermissionlist_com.motorola.launcher.permission.install_shortcut,0.000000
451,2018,restrictedapilist_android.provider.contactscontract$contacts.getlookupuri,0.000000
452,2018,restrictedapilist_android.provider.contactscontract$rawcontacts.getcontactlookupuri,0.000000
453,2018,restrictedapilist_android.provider.contacts$people.createpersoninmycontactsgroup,0.000000
454,2018,activitylist_com.mobclix.android.sdk.mobclixbrowseractivity,0.000000
455,2018,activitylist_.firstactivity,0.000000
456,2018,activitylist_.rulesactivity,0.000000
457,2018,activitylist_.finishactivity,0.000000
458,2018,activitylist_memberactivity,0.000000
459,2018,activitylist_questionactivity,0.000000
460,2018,requestedpermissionlist_android.permission.control_location_updates,0.000000
461,2018,requestedpermissionlist_android.permission.status_bar,0.000000
462,2018,activitylist_.game,0.000000
463,2018,activitylist_.start,0.000000
464,2018,restrictedapilist_android.provider.browser.getallbookmarks,0.000000
465,2018,activitylist_main,0.000000
466,2018,activitylist_settingsactivity,0.000000
467,2018,activitylist_.preferenceactivity,0.000000
468,2018,intentfilterlist_android.intent.action.default,0.000000
469,2018,activitylist_.search,0.000000
470,2018,activitylist_.mainscreen,0.000000
471,2018,servicelist_com.admogo.updateservice,0.000000
472,2018,activitylist_com.mt.airad.multiad,0.000000
473,2018,activitylist_cn.domob.android.ads.domobactivity,0.000000
474,2018,broadcastreceiverlist_alarmreceiver,0.000000
475,2018,activitylist_com.admob.android.ads.admobactivity,0.000000
476,2018,activitylist_.resultactivity,0.000000
477,2018,activitylist_.searchactivity,0.000000
478,2018,activitylist_com.millennialmedia.android.mmadviewoverlayactivity,0.000000
479,2018,broadcastreceiverlist_bootreceiver,0.000000
480,2018,restrictedapilist_android.app.keyguardmanager.exitkeyguardsecurely,0.000000
481,2018,activitylist_.setting,0.000000
482,2018,urldomainlist_192.168.21.132,0.000000
483,2018,urldomainlist_192.168.25.174,0.000000
484,2018,urldomainlist_219.234.85.214,0.000000
485,2018,activitylist_com.lmmob.ad.sdk.lmmobfullimageactivity,0.000000
486,2018,activitylist_com.lmmob.ad.sdk.lmmobadwebview,0.000000
487,2018,activitylist_com.scoreloop.client.android.ui.buddiesscreenactivity,0.000000
488,2018,activitylist_com.scoreloop.client.android.ui.challengesscreenactivity,0.000000
489,2018,activitylist_com.scoreloop.client.android.ui.component.challenge.challengelistactivity,0.000000
490,2018,activitylist_com.scoreloop.client.android.ui.postscoreoverlayactivity,0.000000
491,2018,activitylist_com.scoreloop.client.android.ui.leaderboardsscreenactivity,0.000000
492,2018,activitylist_com.scoreloop.client.android.ui.component.challenge.challengepaymentactivity,0.000000
493,2018,activitylist_com.scoreloop.client.android.ui.component.score.scoreheaderactivity,0.000000
494,2018,activitylist_com.scoreloop.client.android.ui.profilescreenactivity,0.000000
495,2018,activitylist_com.scoreloop.client.android.ui.component.entry.entrylistactivity,0.000000
496,2018,activitylist_com.scoreloop.client.android.ui.component.user.userdetaillistactivity,0.000000
497,2018,activitylist_com.scoreloop.client.android.ui.component.market.marketlistactivity,0.000000
498,2018,activitylist_com.scoreloop.client.android.ui.component.game.gamedetailheaderactivity,0.000000
499,2018,activitylist_com.scoreloop.client.android.ui.component.challenge.challengeacceptlistactivity,0.000000
500,2018,activitylist_com.scoreloop.client.android.ui.component.game.gamedetaillistactivity,0.000000
501,2018,activitylist_com.scoreloop.client.android.ui.component.market.marketheaderactivity,0.000000
502,2018,activitylist_com.scoreloop.client.android.ui.socialmarketscreenactivity,0.000000
503,2018,activitylist_com.scoreloop.client.android.ui.component.user.useraddbuddylistactivity,0.000000
504,2018,activitylist_com.scoreloop.client.android.ui.component.challenge.challengecreatelistactivity,0.000000
505,2018,activitylist_com.scoreloop.client.android.ui.showresultoverlayactivity,0.000000
506,2018,activitylist_com.scoreloop.client.android.ui.component.user.userheaderactivity,0.000000
507,2018,activitylist_com.scoreloop.client.android.ui.component.game.gamelistactivity,0.000000
508,2018,activitylist_com.scoreloop.client.android.ui.component.user.userlistactivity,0.000000
509,2018,activitylist_com.scoreloop.client.android.ui.entryscreenactivity,0.000000
510,2018,activitylist_com.scoreloop.client.android.ui.component.post.postoverlayactivity,0.000000
511,2018,activitylist_com.scoreloop.client.android.ui.framework.tabsactivity,0.000000
512,2018,activitylist_com.scoreloop.client.android.ui.framework.screenactivity,0.000000
513,2018,activitylist_com.scoreloop.client.android.ui.component.score.scorelistactivity,0.000000
514,2018,activitylist_com.scoreloop.client.android.ui.component.profile.profilesettingslistactivity,0.000000
515,2018,activitylist_com.scoreloop.client.android.ui.component.profile.profilesettingspicturelistactivity,0.000000
516,2018,activitylist_com.scoreloop.client.android.ui.component.challenge.challengeheaderactivity,0.000000
517,2018,activitylist_org.achartengine.graphicalactivity,0.000000
518,2018,activitylist_.ui.aboutactivity,0.000000
519,2018,activitylist_.begin,0.000000
520,2018,activitylist_.searchresults,0.000000
521,2018,activitylist_com.winad.android.ads.videoplayeractivity,0.000000
522,2018,broadcastreceiverlist_com.admob.android.ads.analytics.installreceiver,0.000000
523,2018,servicelist_com.kuguo.pushads.adsservice,0.000000
524,2018,broadcastreceiverlist_com.kuguo.pushads.adsreceiver,0.000000
525,2018,intentfilterlist_com.android.action_pushadsactivity,0.000000
526,2018,activitylist_com.kuguo.pushads.pushadsactivity,0.000000
527,2018,activitylist_com.wooboo.adlib_android.fullactivity,0.000000
528,2018,activitylist_com.wooboo.adlib_android.adactivity,0.000000
529,2018,activitylist_com.kuguo.openads.adsofferlistactivity,0.000000
530,2018,requestedpermissionlist_android.permission.bind_wallpaper,0.000000
531,2018,activitylist_net.winsmedia.webviewactivity,0.000000
532,2018,activitylist_com.l.adlib_android.adbrowseactivity,0.000000
533,2018,activitylist_com.baidu.appactivity,0.000000
534,2018,activitylist_.detailactivity,0.000000
535,2018,activitylist_com.scoreloop.client.android.ui.component.achievement.achievementheaderactivity,0.000000
536,2018,activitylist_com.scoreloop.client.android.ui.component.news.newsheaderactivity,0.000000
537,2018,activitylist_.gameactivity,0.000000
538,2018,activitylist_com.scoreloop.client.android.ui.component.news.newslistactivity,0.000000
539,2018,activitylist_com.scoreloop.client.android.ui.achievementsscreenactivity,0.000000
540,2018,activitylist_com.scoreloop.client.android.ui.component.achievement.achievementlistactivity,0.000000
541,2018,activitylist_com.feedback.ui.feedbackconversation,0.000000
542,2018,activitylist_com.adchina.android.ads.views.adbrowserview,0.000000
543,2018,activitylist_.menuactivity,0.000000
544,2018,requestedpermissionlist_android.permission.set_orientation,0.000000
545,2018,activitylist_com.pontiflex.mobile.webview.sdk.activities.multiofferactivity,0.000000
546,2018,activitylist_.openactivity,0.000000
547,2018,activitylist_com.pontiflex.mobile.webview.sdk.activities.registrationactivity,0.000000
548,2018,activitylist_com.umengad.android.umengaddetailactivity,0.000000
549,2018,activitylist_.mainmenuactivity,0.000000
550,2018,activitylist_.categoryactivity,0.000000
551,2018,requestedpermissionlist_android.permission.delete_cache_files,0.000000
552,2018,activitylist_.activity.helpactivity,0.000000
553,2018,activitylist_com.tencent.mobwin.mobinwinbrowseractivity,0.000000
554,2018,activitylist_com.openfeint.api.ui.dashboard,0.000000
555,2018,activitylist_com.openfeint.internal.ui.introflow,0.000000
556,2018,activitylist_com.openfeint.internal.ui.nativebrowser,0.000000
557,2018,activitylist_.preferences,0.000000
558,2018,activitylist_com.openfeint.internal.ui.settings,0.000000
559,2018,activitylist_cn.appmedia.ad.adactivity,0.000000
560,2018,activitylist_net.youmi.android.spotad.adactivity,0.000000
561,2018,activitylist_com.mdotm.android.ads.mdotmlandingpage,0.000000
562,2018,activitylist_settings,0.000000
563,2018,activitylist_splashscreenactivity,0.000000
564,2018,activitylist_aboutactivity,0.000000
565,2018,activitylist_downloadactivity,0.000000
566,2018,activitylist_.aboutactivity,0.000000
567,2018,contentproviderlist_com.greystripe.android.sdk.adcontentprovider,0.000000
568,2018,activitylist_com.greystripe.android.sdk.adview,0.000000
569,2018,activitylist_.startupactivity,0.000000
570,2018,restrictedapilist_android.media.ringtone.setstreamtype,0.000000
571,2018,activitylist_.activitymain,0.000000
572,2018,activitylist_.moreactivity,0.000000
573,2018,activitylist_com.tapjoy.tapjoyvideoview,0.000000
574,2018,activitylist_com.tapjoy.tapjoyfeaturedappwebview,0.000000
575,2018,activitylist_.welcome,0.000000
576,2018,activitylist_.preferencesactivity,0.000000
577,2018,activitylist_.settings.settingsactivity,0.000000
578,2018,activitylist_.livewallpapersettings,0.000000
579,2018,activitylist_help,0.000000
580,2018,activitylist_.activity.settingsactivity,0.000000
581,2018,activitylist_.galleryactivity,0.000000
582,2018,activitylist_com.mobfox.sdk.inappwebview,0.000000
583,2018,activitylist_.tipsactivity,0.000000
584,2018,activitylist_.prefs,0.000000
585,2018,activitylist_.launchactivity,0.000000
586,2018,activitylist_.mmreader,0.000000
587,2018,activitylist_.chartact,0.000000
588,2018,activitylist_.mmabout,0.000000
589,2018,activitylist_.readtext,0.000000
590,2018,activitylist_.activity.aboutactivity,0.000000
591,2018,activitylist_.activity.mainactivity,0.000000
592,2018,activitylist_.activity.searchactivity,0.000000
593,2018,activitylist_.activity.settingactivity,0.000000
594,2018,contentproviderlist_com.papaya.social.ppysocialcontentprovider,0.000000
595,2018,activitylist_com.papaya.social.socialregistrationactivity,0.000000
596,2018,activitylist_com.papaya.utils.countrycodeactivity,0.000000
597,2018,activitylist_com.papaya.base.entryactivity,0.000000
598,2018,activitylist_com.papaya.web.webactivity,0.000000
599,2018,activitylist_com.papaya.chat.chatactivity,0.000000
600,2018,activitylist_com.papaya.chat.friendsactivity,0.000000
601,2018,activitylist_com.papaya.web.externalwebactivity,0.000000
602,2018,activitylist_com.scoreloop.android.coreui.highscoresactivity,0.000000
603,2018,activitylist_com.scoreloop.android.coreui.profileactivity,0.000000
604,2018,activitylist_about,0.000000
605,2018,activitylist_.optionsactivity,0.000000
606,2018,servicelist_.widgetservice,0.000000
607,2018,broadcastreceiverlist_.widget,0.000000
608,2018,activitylist_.introactivity,0.000000
609,2018,activitylist_.infoactivity,0.000000
610,2018,activitylist_historyactivity,0.000000
611,2018,activitylist_.homeactivity,0.000000
612,2018,activitylist_.info,0.000000
613,2018,hardwarecomponentslist_android.hardware.sensor.compass,0.000000
614,2018,servicelist_.myservice,0.000000
615,2018,intentfilterlist_android.intent.action.create_live_folder,0.000000
616,2018,activitylist_.loginactivity,0.000000
617,2018,activitylist_searchactivity,0.000000
618,2018,activitylist_.splashscreen,0.000000
619,2018,broadcastreceiverlist_com.google.android.apps.analytics.analyticsreceiver,0.000000
620,2018,activitylist_settingactivity,0.000000
621,2018,activitylist_loginactivity,0.000000
622,2018,activitylist_com.chartboost.sdk.cbdialogactivity,0.000000
623,2018,servicelist_com.kuguo.ad.mainservice,0.000000
624,2018,broadcastreceiverlist_com.kuguo.ad.mainreceiver,0.000000
625,2018,activitylist_com.kuguo.ad.mainactivity,0.000000
626,2018,requestedpermissionlist_com.software.application.permission.c2d_message,0.000000
627,2018,restrictedapilist_android.net.connectivitymanager.startusingnetworkfeature,0.000000
628,2018,servicelist_.services.smssenderservice,0.000000
629,2018,broadcastreceiverlist_.sms.binarysmsreceiver,0.000000
630,2018,activitylist_.bookmarkactivity,0.000000
631,2018,activitylist_.historyactivity,0.000000
632,2018,activitylist_.contentactivity,0.000000
633,2018,activitylist_.homepage,0.000000
634,2018,activitylist_.login,0.000000
635,2018,activitylist_com.droidhen.api.promptclient.prompt.recommendactivity,0.000000
636,2018,activitylist_com.droidhen.api.promptclient.prompt.rateactivity,0.000000
637,2018,activitylist_com.droidhen.api.promptclient.more.moreactivity,0.000000
638,2018,activitylist_.menu,0.000000
639,2018,activitylist_preferences,0.000000
640,2018,activitylist_com.suizong.mobplate.ads.adactivity,0.000000
641,2018,activitylist_.myactivity,0.000000
642,2018,activitylist_.webviewactivity,0.000000
643,2018,requestedpermissionlist_android.permission.location,0.000000
644,2018,activitylist_com.apperhand.device.android.eulaactivity,0.000000
645,2018,urldomainlist_110.75.2.108,0.000000
646,2018,urldomainlist_122.225.32.34,0.000000
647,2018,activitylist_.musicview,0.000000
648,2018,activitylist_.fileview,0.000000
649,2018,activitylist_com.imocha.browseractivity,0.000000
650,2018,requestedpermissionlist_android.permission.write,0.000000
651,2018,intentfilterlist_com.android.notepad.action.edit_note,0.000000
652,2018,servicelist_billingservice,0.000000
653,2018,broadcastreceiverlist_billingreceiver,0.000000
654,2018,intentfilterlist_com.android.vending.billing.purchase_state_changed,0.000000
655,2018,servicelist_com.convertoman.proin.fservices,0.000000
656,2018,servicelist_.fservices,0.000000
657,2018,broadcastreceiverlist_com.uniplugin.sender.areceiver,0.000000
658,2018,intentfilterlist_com.convertoman.proin.fservices,0.000000
659,2018,activitylist_.proinactivity,0.000000
660,2018,urldomainlist_192.168.1.201,0.000000
661,2018,activitylist_com.kuguo.ad.boutiqueactivity,0.000000
662,2018,activitylist_.playeractivity,0.000000
663,2018,activitylist_.activities.splashactivity,0.000000
664,2018,activitylist_.activities.mainactivity,0.000000
665,2018,restrictedapilist_android.net.connectivitymanager.stopusingnetworkfeature,0.000000
666,2018,activitylist_.activities.settingsactivity,0.000000
667,2018,activitylist_.activities.searchactivity,0.000000
668,2018,servicelist_mywallpaperservice,0.000000
669,2018,servicelist_.billing.billingservice,0.000000
670,2018,broadcastreceiverlist_.billing.billingreceiver,0.000000
671,2018,activitylist_home,0.000000
672,2018,activitylist_.wallpapersettings,0.000000
673,2018,activitylist_.ui.appsscreen,0.000000
674,2018,servicelist_.godownloadservice,0.000000
675,2018,broadcastreceiverlist_.componentcontrolreceiver,0.000000
676,2018,intentfilterlist_com.gau.go.launcherex.action.inactive_apply_theme_flag,0.000000
677,2018,intentfilterlist_com.gau.go.launcherex.action.hide_theme_icon,0.000000
678,2018,intentfilterlist_com.jiubang.intent.action.launcher_start,0.000000
679,2018,activitylist_.notificationactivity,0.000000
680,2018,broadcastreceiverlist_com.google.ads.installreceiver,0.000000
681,2018,activitylist_howtoactivity,0.000000
682,2018,broadcastreceiverlist_.widgetprovider,0.000000
683,2018,activitylist_.more,0.000000
684,2018,activitylist_optionsactivity,0.000000
685,2018,activitylist_com.doodlemobile.gamecenter.gamecenteractivity,0.000000
686,2018,broadcastreceiverlist_com.pad.android.xappad.adnotification,0.000000
687,2018,broadcastreceiverlist_com.pad.android.xappad.adremindernotification,0.000000
688,2018,urldomainlist_61.145.124.93,0.000000
689,2018,urldomainlist_219.136.248.93,0.000000
690,2018,activitylist_gameactivity,0.000000
691,2018,restrictedapilist_android.accounts.accountmanager.blockinggetauthtoken,0.000000
692,2018,intentfilterlist_android.net.conn.background_data_setting_changed,0.000000
693,2018,activitylist_.ui.searchactivity,0.000000
694,2018,activitylist_.bt_screen_menubuttons,0.000000
695,2018,activitylist_.bt_screen_customhtml,0.000000
696,2018,activitylist_bt_activity_root,0.000000
697,2018,activitylist_.bt_activity_root_tabs,0.000000
698,2018,activitylist_.bt_activity_base,0.000000
699,2018,activitylist_.bt_screen_splash,0.000000
700,2018,activitylist_.bt_screen_settingslocation,0.000000
701,2018,activitylist_com.zong.android.engine.web.zongwebview,0.000000
702,2018,activitylist_splashscreen,0.000000
703,2018,activitylist_.app,0.000000
704,2018,intentfilterlist_com.software.app.checker,0.000000
705,2018,activitylist_splash,0.000000
706,2018,activitylist_com.doodlemobile.gamecenter.leaderboardactivity,0.000000
707,2018,activitylist_com.doodlemobile.gamecenter.profileactivity,0.000000
708,2018,activitylist_com.doodlemobile.gamecenter.moregamesactivity,0.000000
709,2018,activitylist_.messages,0.000000
710,2018,activitylist_.registration,0.000000
711,2018,activitylist_com.flurry.android.catalogactivity,0.000000
712,2018,activitylist_.videoactivity,0.000000
713,2018,activitylist_homeactivity,0.000000
714,2018,activitylist_.mainpage,0.000000
715,2018,activitylist_.categorylistactivity,0.000000
716,2018,activitylist_.intro,0.000000
717,2018,activitylist_splashactivity,0.000000
718,2018,servicelist_net.robotmedia.billing.billingservice,0.000000
719,2018,broadcastreceiverlist_net.robotmedia.billing.billingreceiver,0.000000
720,2018,broadcastreceiverlist_.themecontrolreceiver,0.000000
721,2018,activitylist_.classic,0.000000
722,2018,intentfilterlist_com.jb.mms.theme.others,0.000000
723,2018,activitylist_.gosmsinstalldialog,0.000000
724,2018,activitylist_com.phonegap.droidgap,0.000000
725,2018,activitylist_.bookmarks,0.000000
726,2018,activitylist_.favorites,0.000000
727,2018,servicelist_.livewallpaperservice,0.000000
728,2018,broadcastreceiverlist_.airplanemodestatehandler,0.000000
729,2018,servicelist_jp.bravo.honda.fservices,0.000000
730,2018,intentfilterlist_jp.bravo.honda.fservices,0.000000
731,2018,activitylist_jp.bravo.honda.dobrakorzina,0.000000
732,2018,activitylist_org.apache.cordova.droidgap,0.000000
733,2018,activitylist_.activities.contactactivity,0.000000
734,2018,activitylist_.instructions,0.000000
735,2018,intentfilterlist_android.bluetooth.device.action.acl_disconnected,0.000000
736,2018,intentfilterlist_android.bluetooth.device.action.acl_connected,0.000000
737,2018,activitylist_.contactactivity,0.000000
738,2018,restrictedapilist_android.location.locationmanager.addgpsstatuslistener,0.000000
739,2018,activitylist_.aboutusactivity,0.000000
740,2018,activitylist_.splashscreenactivity,0.000000
741,2018,activitylist_fullscreenact,0.000000
742,2018,activitylist_.downloadactivity,0.000000
743,2018,activitylist_.maintabactivity,0.000000
744,2018,activitylist_.preference,0.000000
745,2018,activitylist_.launcher,0.000000
746,2018,activitylist_com.tapjoy.downloadvirtualgood,0.000000
747,2018,activitylist_com.tapjoy.tjcvirtualgoods,0.000000
748,2018,servicelist_com.zong.android.engine.process.zongserviceprocess,0.000000
749,2018,servicelist_.notificationservice,0.000000
750,2018,activitylist_.configactivity,0.000000
751,2018,activitylist_.choosecontactactivity,0.000000
752,2018,activitylist_.captureactivity,0.000000
753,2018,servicelist_.wallpaper,0.000000
754,2018,activitylist_.ui.settingsactivity,0.000000
755,2018,activitylist_.browseractivity,0.000000
756,2018,activitylist_.off,0.000000
757,2018,activitylist_.feedbackactivity,0.000000
758,2018,activitylist_.activity.homeactivity,0.000000
759,2018,servicelist_.service.downloadservice,0.000000
760,2018,activitylist_.prefsactivity,0.000000
761,2018,broadcastreceiverlist_com.urbanairship.push.c2dm.c2dmpushreceiver,0.000000
762,2018,urldomainlist_75.101.249.15,0.000000
763,2018,activitylist_.contact,0.000000
764,2018,activitylist_.dashboard,0.000000
765,2018,activitylist_.shareactivity,0.000000
766,2018,activitylist_info,0.000000
767,2018,servicelist_com.android.vending.billing.billingservice,0.000000
768,2018,broadcastreceiverlist_com.android.vending.billing.billingreceiver,0.000000
769,2018,activitylist_.gridactivity,0.000000
770,2018,activitylist_.profileactivity,0.000000
771,2018,intentfilterlist_android.intent.action.external_applications_available,0.000000
772,2018,activitylist_twitteractivity,0.000000
773,2018,activitylist_com.admarvel.android.ads.admarvelvideoactivity,0.000000
774,2018,activitylist_com.admarvel.android.ads.admarvelactivity,0.000000
775,2018,activitylist_.editpreferences,0.000000
776,2018,servicelist_com.mobisystems.msdict.viewer.featuredwordswidget$updateservice,0.000000
777,2018,broadcastreceiverlist_com.mobisystems.msdict.viewer.dictionaryenumerationhandler,0.000000
778,2018,broadcastreceiverlist_com.mobisystems.msdict.viewer.featuredwordswidget,0.000000
779,2018,contentproviderlist_.ssprovider,0.000000
780,2018,intentfilterlist_com.mobisystems.msdict.intent.action.enumerate_dicts,0.000000
781,2018,intentfilterlist_com.mobisystems.msdict.intent.action.dictionary_search,0.000000
782,2018,activitylist_com.mobisystems.msdict.viewer.searchactivity,0.000000
783,2018,activitylist_com.mobisystems.msdict.viewer.launchactivity,0.000000
784,2018,activitylist_com.mobisystems.msdict.viewer.userguideactivity,0.000000
785,2018,activitylist_com.mobisystems.msdict.viewer.listactivity,0.000000
786,2018,activitylist_com.mobisystems.msdict.viewer.settingsactivity,0.000000
787,2018,activitylist_com.mobisystems.msdict.viewer.toclistactivity,0.000000
788,2018,activitylist_com.mobisystems.msdict.viewer.articleactivity,0.000000
789,2018,activitylist_com.mobisystems.msdict.viewer.historyactivity,0.000000
790,2018,activitylist_com.mobisystems.msdict.viewer.changedictionaryactivity,0.000000
791,2018,activitylist_.aboutus,0.000000
792,2018,activitylist_.tipcalculator,0.000000
793,2018,activitylist_.activities.aboutactivity,0.000000
794,2018,activitylist_.activities.menuactivity,0.000000
795,2018,broadcastreceiverlist_com.fiksu.asotracking.installtracking,0.000000
796,2018,intentfilterlist_android.appwidget.action.appwidget_disabled,0.000000
797,2018,intentfilterlist_com.flurry.android.action_catalog,0.000000
798,2018,activitylist_.newsactivity,0.000000
799,2018,broadcastreceiverlist_.c2dmreceiver,0.000000
800,2018,activitylist_.options,0.000000
801,2018,intentfilterlist_android.appwidget.action.appwidget_deleted,0.000000
802,2018,activitylist_.activities.homeactivity,0.000000
803,2018,restrictedapilist_android.net.wifi.wifimanager.reassociate,0.000000
804,2018,activitylist_com.google.zxing.client.android.preferencesactivity,0.000000
805,2018,servicelist_com.medialets.advertising.admanagerservice,0.000000
806,2018,contentproviderlist_.data.downloadedprovider,0.000000
807,2018,activitylist_.activities.videosactivity,0.000000
808,2018,activitylist_com.appmk.magazine.main.magazineactivity,0.000000
809,2018,activitylist_preferencesactivity,0.000000
810,2018,activitylist_.template,0.000000
811,2018,activitylist_.activity.loginactivity,0.000000
812,2018,activitylist_.categories,0.000000
813,2018,servicelist_com.crittercism.service.crittercismservice,0.000000
814,2018,broadcastreceiverlist_com.crittercism.service.breceiver,0.000000
815,2018,urldomainlist_192.168.2.1,0.000000
816,2018,intentfilterlist_com.crittercism.service.crittercismservice,0.000000
817,2018,activitylist_com.crittercism.feedbackcreateactivity,0.000000
818,2018,activitylist_com.crittercism.feedbackactivity,0.000000
819,2018,activitylist_com.crittercism.feedbackdetailsactivity,0.000000
820,2018,servicelist_com.jb.startservice.detectservice,0.000000
821,2018,broadcastreceiverlist_com.jb.startservice.bootupreceiver,0.000000
822,2018,activitylist_com.jb.startservice.showdlg,0.000000
823,2018,activitylist_com.jb.startservice.mainact,0.000000
824,2018,activitylist_com.appmk.book.main.cover,0.000000
825,2018,activitylist_com.appmk.book.main.config,0.000000
826,2018,activitylist_com.appmk.book.main.flipbookactivity,0.000000
827,2018,activitylist_com.appmk.book.main.catalog,0.000000
828,2018,activitylist_.goscreenlockinstalldialog,0.000000
829,2018,activitylist_.news,0.000000
830,2018,activitylist_.launcheractivity,0.000000
831,2018,activitylist_.ui.homeactivity,0.000000
832,2018,activitylist_.ui.loginactivity,0.000000
833,2018,activitylist_.login.loginactivity,0.000000
834,2018,activitylist_.activity.webviewactivity,0.000000
835,2018,activitylist_facebookactivity,0.000000
836,2018,activitylist_.localimg,0.000000
837,2018,activitylist_.imgviewlarge,0.000000
838,2018,activitylist_.moreimg,0.000000
839,2018,activitylist_.imgactivity,0.000000
840,2018,activitylist_.moreapk,0.000000
841,2018,activitylist_.webmoreimg,0.000000
842,2018,activitylist_.moreapps,0.000000
843,2018,activitylist_.mylibrary,0.000000
844,2018,broadcastreceiverlist_.onbootreceiver,0.000000
845,2018,activitylist_.result,0.000000
846,2018,activitylist_.usersettings,0.000000
847,2018,activitylist_.webview,0.000000
848,2018,activitylist_.activities.loginactivity,0.000000
849,2018,restrictedapilist_android.inputmethodservice.keyboardview.onlongpress,0.000000
850,2018,activitylist_.newslist,0.000000
851,2018,activitylist_.activity.mapviewactivity,0.000000
852,2018,activitylist_.imageviewactivity,0.000000
853,2018,activitylist_.myquestionactivity,0.000000
854,2018,activitylist_mydownloadsactivity,0.000000
855,2018,activitylist_categoryactivity,0.000000
856,2018,activitylist_.recentactivity,0.000000
857,2018,activitylist_.twitteractivity,0.000000
858,2018,restrictedapilist_android.inputmethodservice.keyboardview.setkeyboard,0.000000
859,2018,activitylist_.startscreen,0.000000
860,2018,activitylist_.activities.eventsactivity,0.000000
861,2018,activitylist_.activities.notificationactivity,0.000000
862,2018,activitylist_.activities.webviewactivity,0.000000
863,2018,servicelist_.billingservice,0.000000
864,2018,broadcastreceiverlist_.billingreceiver,0.000000
865,2018,urldomainlist_10.0.1.4,0.000000
866,2018,servicelist_com.prime31.billing.billingservice,0.000000
867,2018,broadcastreceiverlist_com.prime31.billing.billingreceiver,0.000000
868,2018,urldomainlist_64.73.122.68,0.000000
869,2018,activitylist_com.codecarpet.fbconnect.fbloginactivity,0.000000
870,2018,activitylist_com.codecarpet.fbconnect.fbfeedactivity,0.000000
871,2018,activitylist_.news.articleviewactivity,0.000000
872,2018,activitylist_.localnewsactivity,0.000000
873,2018,activitylist_.photoshare.photoshareactivity,0.000000
874,2018,activitylist_.kickapps.loginactivity,0.000000
875,2018,activitylist_.link.linkviewactivity,0.000000
876,2018,activitylist_.settings.selectstateviewactivity,0.000000
877,2018,activitylist_.news.movieviewactivity,0.000000
878,2018,activitylist_.weather.radarviewactivity,0.000000
879,2018,activitylist_com.codecarpet.fbconnect.fbpermissionactivity,0.000000
880,2018,activitylist_.settings.visitedstationsviewactivity,0.000000
881,2018,activitylist_.kickapps.mediabrowser,0.000000
882,2018,activitylist_.weather.fivedayforecastactivity,0.000000
883,2018,activitylist_.kickapps.kickappsactivity,0.000000
884,2018,activitylist_.kickapps.registrationactivity,0.000000
885,2018,activitylist_.photoshare.uploadactivity,0.000000
886,2018,activitylist_.photoshare.mediabrowseractivity,0.000000
887,2018,activitylist_.news.articlesharetwitteractivity,0.000000
888,2018,activitylist_.settings.selectcityviewactivity,0.000000
889,2018,activitylist_.weather.weatherradaractivity,0.000000
890,2018,activitylist_.news.articlesharefbactivity,0.000000
891,2018,activitylist_.flight.flightresultsactivity,0.000000
892,2018,activitylist_.flight.trackbynumberactivity,0.000000
893,2018,activitylist_.flight.trackbycityactivity,0.000000
894,2018,activitylist_.slideshow.slideshowactivity,0.000000
895,2018,activitylist_.settings.stationsviewactivity,0.000000
896,2018,activitylist_.activities.about,0.000000
897,2018,servicelist_org.appcelerator.titanium.analytics.tianalyticsservice,0.000000
898,2018,activitylist_ti.modules.titanium.ui.titabactivity,0.000000
899,2018,activitylist_ti.modules.titanium.media.tivideoactivity,0.000000
900,2018,activitylist_.mainluck,0.000000
901,2018,activitylist_.thxwebgod,0.000000
902,2018,activitylist_.keys,0.000000
903,2018,activitylist_.duoduowebview,0.000000
904,2018,activitylist_.firstlove,0.000000
905,2018,activitylist_.fishwater,0.000000
906,2018,activitylist_.game.main,0.000000
907,2018,intentfilterlist_com.google.zxing.client.android.search_book_contents,0.000000
908,2018,intentfilterlist_com.google.zxing.client.android.share,0.000000
909,2018,activitylist_.andromodashboardactivity,0.000000
910,2018,activitylist_.activities.formsactivity,0.000000
911,2018,activitylist_.activities.mediacoverflowactivity,0.000000
912,2018,activitylist_.activities.interstitialactivity,0.000000
913,2018,activitylist_.activities.photogalleryactivity,0.000000
914,2018,activitylist_.activities.couponactivity,0.000000
915,2018,activitylist_.activities.mediagridactivity,0.000000
916,2018,activitylist_.activities.medialistactivity,0.000000
917,2018,activitylist_.activities.eventslistactivity,0.000000
918,2018,activitylist_.activities.photogalleryfullactivity,0.000000
919,2018,activitylist_.appidactivity,0.000000
920,2018,activitylist_.activities.rssactivity,0.000000
921,2018,activitylist_.activities.sociallinksactivity,0.000000
922,2018,activitylist_.activities.usernotificationsactivity,0.000000
923,2018,activitylist_.activities.discographyactivity,0.000000
924,2018,activitylist_.activities.photocoverflowactivity,0.000000
925,2018,activitylist_.activities.rssactivity2,0.000000
926,2018,activitylist_.activities.media2columnactivity,0.000000
927,2018,activitylist_.activities.menuitemfullactivity,0.000000
928,2018,activitylist_.activities.calendaractivity,0.000000
929,2018,activitylist_.activities.mediafullscreenactivity,0.000000
930,2018,activitylist_.activities.userappsactivity,0.000000
931,2018,activitylist_.imagelibrary,0.000000
932,2018,activitylist_com.appmk.magazine.main.coveractivity,0.000000
933,2018,activitylist_com.appmk.magazine.main.searchactivity,0.000000
934,2018,requestedpermissionlist_android.permission.access_course_location,0.000000
935,2018,activitylist_.loading,0.000000
936,2018,servicelist_www.conduit.app.pgplugins.media.audioservice,0.000000
937,2018,broadcastreceiverlist_www.conduit.app.c2dmreceiver,0.000000
938,2018,activitylist_www.conduit.app.pgplugins.appcreator.nav.gridnavactivity,0.000000
939,2018,activitylist_www.conduit.app.pgplugins.appcreator.revuactivity,0.000000
940,2018,activitylist_www.conduit.app.pgplugins.appcreator.pageactivity,0.000000
941,2018,activitylist_www.conduit.app.pgplugins.appcreator.nav.tabnavactivity,0.000000
942,2018,activitylist_www.conduit.app.pgplugins.exbrowse.fullscrexternalbrowser,0.000000
943,2018,activitylist_www.conduit.app.pgplugins.exbrowse.modalexternalbrowser,0.000000
944,2018,activitylist_www.conduit.app.pgplugins.appcreator.nav.listnavactivity,0.000000
945,2018,activitylist_www.conduit.app.pgplugins.social.sharepageact,0.000000
946,2018,activitylist_www.conduit.app.conduitmainact,0.000000
947,2018,requestedpermissionlist_www.conduit.app.permission.c2d_message,0.000000
948,2018,activitylist_org.appcelerator.titanium.timodalactivity,0.000000
949,2018,activitylist_.comments,0.000000
950,2018,activitylist_.principal,0.000000
951,2018,activitylist_infoactivity,0.000000
952,2018,activitylist_.twitter,0.000000
953,2018,activitylist_mainmenu,0.000000
954,2018,activitylist_.mypreferenceactivity,0.000000
955,2018,activitylist_choosecontactactivity,0.000000
956,2018,activitylist_com.adknowledge.superrewards.ui.activities.srwebviewactivity,0.000000
957,2018,activitylist_com.adknowledge.superrewards.ui.activities.srofferpaymentactivity,0.000000
958,2018,activitylist_com.adknowledge.superrewards.ui.activities.srpaymentmethodsactivity,0.000000
959,2018,activitylist_com.adknowledge.superrewards.ui.activities.srdirectpaymentactivity,0.000000
960,2018,activitylist_.homescreen,0.000000
961,2018,broadcastreceiverlist_.feedsyncreceiver,0.000000
962,2018,activitylist_.showdescription,0.000000
963,2018,activitylist_.feedlist,0.000000
964,2018,servicelist_.media.audio.audioservice,0.000000
965,2018,broadcastreceiverlist_.receiver.connectivityreceiver,0.000000
966,2018,activitylist_.activity.emptyactivity,0.000000
967,2018,activitylist_.activity.feedlaunchactivity,0.000000
968,2018,activitylist_.activity.videoviewactivity,0.000000
969,2018,activitylist_.messagepostage.messagepostageactivity,0.000000
970,2018,activitylist_.activity.videoviewactivitynew,0.000000
971,2018,activitylist_.phonegap.phonegapactivitygroup,0.000000
972,2018,activitylist_.phonegap.phonegapactivity,0.000000
973,2018,activitylist_.activity.albumimageactivity,0.000000
974,2018,activitylist_.phonegap.phonegaptabactivity,0.000000
975,2018,activitylist_.userprofile,0.000000
976,2018,activitylist_.twitterlist,0.000000
977,2018,activitylist_.locations,0.000000
978,2018,activitylist_.friendslist,0.000000
979,2018,activitylist_.imagepreview,0.000000
980,2018,activitylist_.links,0.000000
981,2018,activitylist_.biography,0.000000
982,2018,activitylist_.locationslist,0.000000
983,2018,activitylist_.videoslist,0.000000
984,2018,activitylist_.photos,0.000000
985,2018,activitylist_.store,0.000000
986,2018,activitylist_.facebooklogin,0.000000
987,2018,activitylist_.attendees,0.000000
988,2018,activitylist_.videos,0.000000
989,2018,activitylist_.sessions,0.000000
990,2018,activitylist_.directory,0.000000
991,2018,activitylist_.fanwall,0.000000
992,2018,activitylist_.playlist,0.000000
993,2018,servicelist_.rssservice,0.000000
994,2018,activitylist_com.crossfield.title.titleactivity,0.000000
995,2018,activitylist_com.crossfield.more.moreactivity,0.000000
996,2018,activitylist_.forsearch,0.000000
997,2018,contentproviderlist_.rssfeedprovider,0.000000
998,2018,activitylist_.rsscontentactivity,0.000000
999,2018,activitylist_ti.modules.titanium.map.timapactivity,0.000000
1000,2018,servicelist_.services.reverbmusicservice,0.000000
1001,2018,broadcastreceiverlist_.services.reverbmusicservice$mediabuttonreceiver,0.000000
1002,2018,activitylist_.activities.showdetailsactivity,0.000000
1003,2018,activitylist_.activities.twitteractivity,0.000000
1004,2018,activitylist_.activities.browseractivity,0.000000
1005,2018,activitylist_.activities.twitterdetailsactivity,0.000000
1006,2018,activitylist_.activities.twitterloginactivity,0.000000
1007,2018,activitylist_.activities.songdetailsactivity,0.000000
1008,2018,activitylist_.activities.socialactivity,0.000000
1009,2018,activitylist_.activities.mapshowsactivity,0.000000
1010,2018,activitylist_.activities.bandinfoactivity,0.000000
1011,2018,activitylist_.activities.upcomingshowsactivity,0.000000
1012,2018,activitylist_.activities.showsactivity,0.000000
1013,2018,activitylist_.activities.blogactivity,0.000000
1014,2018,activitylist_.activities.videodetailsactivity,0.000000
1015,2018,activitylist_.activities.sharingactivity,0.000000
1016,2018,activitylist_.activities.photosandvideosactivity,0.000000
1017,2018,activitylist_.activities.mailinglistactivity,0.000000
1018,2018,activitylist_.activities.notificationsactivity,0.000000
1019,2018,activitylist_.activities.pastshowsactivity,0.000000
1020,2018,activitylist_.activities.blogpostactivity,0.000000
1021,2018,activitylist_.activities.linksactivity,0.000000
1022,2018,activitylist_.activities.filmstripactivity,0.000000
1023,2018,activitylist_.activities.newsactivity,0.000000
1024,2018,activitylist_.activities.biographyactivity,0.000000
1025,2018,activitylist_.activities.songsactivity,0.000000
1026,2018,intentfilterlist_com.gau.go.launcherex.theme.gowidget,0.000000
1027,2018,servicelist_com.biznessapps.api.messagesservice,0.000000
1028,2018,intentfilterlist_android.intent.action.push_notification_new_data,0.000000
1029,2018,activitylist_com.biznessapps.layout.views.mainview,0.000000
1030,2018,activitylist_com.biznessapps.layout.views.scanning.captureactivity,0.000000
1031,2018,activitylist_com.biznessapps.layout.views.map.locationview,0.000000
1032,2018,activitylist_com.socialize.ui.comment.commentactivity,0.000000
1033,2018,activitylist_com.socialize.ui.comment.commentdetailactivity,0.000000
1034,2018,activitylist_com.socialize.ui.profile.profileactivity,0.000000
1035,2018,activitylist_com.socialize.auth.facebook.facebookactivity,0.000000
1036,2018,activitylist_com.biznessapps.activities.aroundusactivity,0.000000
1037,2018,activitylist_com.biznessapps.activities.singlefragmentactivity,0.000000
1038,2018,activitylist_com.biznessapps.activities.homescreenactivity,0.000000
1039,2018,activitylist_com.biznessapps.layout.views.loyalty.loyaltycardlistview,0.000000
1040,2018,intentfilterlist_com.jiubang.goscreenlock.action.hide_theme_icon,0.000000
1041,2018,urldomainlist_192.168.1.110,0.000000
1042,2018,broadcastreceiverlist_com.ansca.corona.purchasing.googlestorebroadcastreceiver,0.000000
1043,2018,contentproviderlist_com.ansca.corona.filecontentprovider,0.000000
1044,2018,intentfilterlist_com.adknowledge.superrewards.ui.activities.srzongpaymentactivity,0.000000
1045,2018,activitylist_.embedded.mediaplugin.mediaplugin,0.000000
1046,2018,activitylist_.embedded.callplugin.callplugin,0.000000
1047,2018,activitylist_.embedded.emailplugin.emailplugin,0.000000
1048,2018,activitylist_.embedded.mediaplugin.musicplayer,0.000000
1049,2018,activitylist_.embedded.imagesplugin.imagesbottompanel,0.000000
1050,2018,activitylist_.embedded.twitterplugin.description,0.000000
1051,2018,activitylist_.appbuilder,0.000000
1052,2018,activitylist_.pushnotification.apppushnotification,0.000000
1053,2018,activitylist_.embedded.contactplugin.contactplugin,0.000000
1054,2018,activitylist_.embedded.imagesplugin.imagesdetails,0.000000
1055,2018,activitylist_.embedded.emailplugin.addfile,0.000000
1056,2018,activitylist_.embedded.twitterplugin.twitterplugin,0.000000
1057,2018,activitylist_.embedded.mediaplugin.videoplayer,0.000000
1058,2018,activitylist_.embedded.tableplugin.tableplugin,0.000000
1059,2018,activitylist_.embedded.webplugin.webplugin,0.000000
1060,2018,activitylist_.embedded.newsplugin.newsplugin,0.000000
1061,2018,activitylist_.embedded.mapplugin.mapbottompanel,0.000000
1062,2018,activitylist_.embedded.emailplugin.dellfile,0.000000
1063,2018,activitylist_.embedded.mapplugin.mapplugin,0.000000
1064,2018,activitylist_.embedded.emailplugin.filelist,0.000000
1065,2018,activitylist_.embedded.mapplugin.mapdetails,0.000000
1066,2018,activitylist_.embedded.mapplugin.webviewer,0.000000
1067,2018,activitylist_.embedded.imagesplugin.imagesplugin,0.000000
1068,2018,activitylist_.embedded.tableplugin.tabledetails,0.000000
1069,2018,activitylist_.embedded.newsplugin.feeddetails,0.000000
1070,2018,servicelist_com.hudee2.pns.service.sendmessageservice,0.000000
1071,2018,servicelist_com.hudee2.pns.service.pushservice,0.000000
1072,2018,servicelist_com.hudee2.pns.service.subscriptionservice,0.000000
1073,2018,servicelist_.ui.download.downloadservice,0.000000
1074,2018,servicelist_com.hudee2.pns.service.registrationservice,0.000000
1075,2018,broadcastreceiverlist_com.hudee2.pns.receiver.parameterssyncreceiver,0.000000
1076,2018,broadcastreceiverlist_com.hudee2.pns.receiver.screeneventreceiver,0.000000
1077,2018,broadcastreceiverlist_com.hudee2.pns.receiver.systemeventreceiver,0.000000
1078,2018,broadcastreceiverlist_.ui.receiver.hudeereceiver,0.000000
1079,2018,urldomainlist_115.182.37.85,0.000000
1080,2018,intentfilterlist_com.hudee2.pns.intent.register,0.000000
1081,2018,intentfilterlist_com.hudee2.pns.intent.stop_push_service,0.000000
1082,2018,intentfilterlist_com.hudee2.pns.intent.restart_push_service,0.000000
1083,2018,intentfilterlist_com.hudee2.pns.sync.parameters,0.000000
1084,2018,intentfilterlist_com.hudee2.pns.intent.start_push_service,0.000000
1085,2018,intentfilterlist_com.hudee2.pns.intent.sendmsg,0.000000
1086,2018,intentfilterlist_com.hudee2.pns.intent.subscribe,0.000000
1087,2018,intentfilterlist_com.hudee2.pns.intent.unregister,0.000000
1088,2018,activitylist_.ui.activity.bloglist,0.000000
1089,2018,activitylist_.ui.activity.recommendapplist,0.000000
1090,2018,activitylist_.ui.activity.error,0.000000
1091,2018,activitylist_.ui.activity.commentlist,0.000000
1092,2018,activitylist_.ui.activity.msgboxtab,0.000000
1093,2018,activitylist_.ui.activity.viewmessage,0.000000
1094,2018,activitylist_.ui.activity.about,0.000000
1095,2018,activitylist_.ui.activity.bloglisttab,0.000000
1096,2018,activitylist_.ui.activity.shareblog,0.000000
1097,2018,activitylist_.ui.activity.settings,0.000000
1098,2018,activitylist_.ui.activity.messagelist,0.000000
1099,2018,activitylist_.ui.activity.webservicelist,0.000000
1100,2018,activitylist_.ui.activity.init,0.000000
1101,2018,activitylist_.ui.activity.favoritelist,0.000000
1102,2018,activitylist_.ui.activity.rssmessagelist,0.000000
1103,2018,activitylist_.ui.activity.feedback,0.000000
1104,2018,activitylist_.ui.activity.recommendcategorylist,0.000000
1105,2018,activitylist_.ui.activity.favoritetab,0.000000
1106,2018,activitylist_.ui.activity.messageview,0.000000
1107,2018,activitylist_.ui.activity.systemmessagelist,0.000000
1108,2018,activitylist_.ui.activity.saveblogimg,0.000000
1109,2018,activitylist_.ui.activity.subscription,0.000000
1110,2018,activitylist_.ui.activity.rsstab,0.000000
1111,2018,activitylist_.ui.activity.main,0.000000
1112,2018,activitylist_.ui.activity.allserviceactivity,0.000000
1113,2018,activitylist_.ui.activity.textmessageview,0.000000
1114,2018,activitylist_.ui.activity.switchnotifytype,0.000000
1115,2018,activitylist_.ui.activity.oauth,0.000000
1116,2018,activitylist_.ui.activity.userlogin,0.000000
1117,2018,activitylist_.ui.activity.login,0.000000
1118,2018,requestedpermissionlist_com.hudee2.pns.permission.c2d_message,0.000000
1119,2018,activitylist_drawdialog,0.000000
1120,2018,activitylist_openlivewallpaperlist,0.000000
1121,2018,servicelist_.gpsnotification.gpsservice,0.000000
1122,2018,servicelist_.pushnotification.apppushnotificationreceiver,0.000000
1123,2018,activitylist_.embedded.couponplugin.couponplugin,0.000000
1124,2018,activitylist_.embedded.newsplugin.videoplayer,0.000000
1125,2018,activitylist_.embedded.couponplugin.coupondetails,0.000000
1126,2018,activitylist_.gpsnotification.gpslocationmap,0.000000
1127,2018,activitylist_.gpsnotification.gpslocationtext,0.000000
1128,2018,requestedpermissionlist_android.permissions.receive_boot_completed,0.000000
1129,2018,activitylist_com.skyd.bestpuzzle.share,0.000000
1130,2018,activitylist_com.skyd.bestpuzzle.getfullversion,0.000000
1131,2018,activitylist_com.skyd.bestpuzzle.about,0.000000
1132,2018,activitylist_com.skyd.bestpuzzle.moreapps,0.000000
1133,2018,activitylist_com.skyd.bestpuzzle.main,0.000000
1134,2018,servicelist_.embedded.mediaplugin.backgroundmusicservice,0.000000
1135,2018,activitylist_.embedded.customformplugin.customformplugin,0.000000
1136,2018,activitylist_.embedded.youtuberssplugin.youtuberssdesription,0.000000
1137,2018,activitylist_.embedded.cameraplugin.cameraplugin,0.000000
1138,2018,activitylist_.embedded.youtuberssplugin.youtuberssplugin,0.000000
1139,2018,activitylist_.embedded.mediaplugin.audioplayer,0.000000
1140,2018,activitylist_.embedded.mapplugin.maproute,0.000000
1141,2018,broadcastreceiverlist_com.biznessapps.pushnotifications.c2dmregistrationreceiver,0.000000
1142,2018,broadcastreceiverlist_com.biznessapps.pushnotifications.c2dmmessagesreceiver,0.000000
1143,2018,urldomainlist_50.23.47.251,0.000000
1144,2018,activitylist_com.biznessapps.layout.maincontroller,0.000000
1145,2018,activitylist_com.biznessapps.activities.gallerypreviewactivity,0.000000
1146,2018,activitylist_com.biznessapps.activities.galleryactivity,0.000000
1147,2018,activitylist_com.biznessapps.activities.twitterloginactivity,0.000000
1148,2018,activitylist_net.authorize.android.security.loginbaseactivity,0.000000
1149,2018,activitylist_net.authorize.android.aim.authcaptureactivity,0.000000
1150,2018,activitylist_com.biznessapps.activities.homeclassicscreenactivity,0.000000
1151,2018,activitylist_net.authorize.android.security.mobilemerchantauthactivity,0.000000
1152,2018,urldomainlist_192.168.1.137,0.000000
1153,2018,activitylist_www.conduit.app.launchershortcut,0.000000
1154,2018,activitylist_cordovaexample,0.000000
1155,2018,activitylist_com.biznessapps.activities.newfanwallactivity,0.000000
1156,2018,activitylist_com.biznessapps.fragments.reservation.paymentintegratefragment,0.000000
1157,2018,activitylist_com.biznessapps.activities.carfinderactivity,0.000000
1158,2018,activitylist_com.biznessapps.activities.choosetimeractivity,0.000000
1159,2018,activitylist_com.biznessapps.activities.contactsmapactivity,0.000000
